{
    "r2": -74362.17070345998,
    "mse": 6860.297392857438,
    "rmse": 82.826912249929,
    "mae": 82.62317263730144
}