{
    "accuracy": 0.9470672389127325,
    "precision": 1.0,
    "recall": 0.8664259927797834,
    "f1": 0.9284332688588007,
    "roc_auc": 0.9604770133625335,
    "pr_auc": 0.9632603223979355,
    "balanced_accuracy": 0.9332129963898916,
    "mcc": 0.892515195739222,
    "best_inner_cv_pr_auc": 0.9084926122613858
}