{
    "r2": 0.7160730885547754,
    "mse": 0.018330266678164474,
    "rmse": 0.13538931522895178,
    "mae": 0.09282361384687467,
    "best_inner_cv_score": -0.024169181066572135,
    "scoring_metric_used": "neg_mean_squared_error"
}