{
    "r2": 0.2642105935960021,
    "mse": 0.043748188837784474,
    "rmse": 0.20916067708291747,
    "mae": 0.13526195627861423,
    "best_inner_cv_score": -0.02136633978779383,
    "scoring_metric_used": "neg_mean_squared_error"
}