{
    "r2": 0.5009159422300579,
    "mse": 0.06944784195269538,
    "rmse": 0.26352958458718706,
    "mae": 0.15660131499783017
}