{
    "r2": 0.06945361153059026,
    "mse": 0.05432552689681397,
    "rmse": 0.2330783707185503,
    "mae": 0.1255417784062142,
    "best_inner_cv_score": -0.02183547098850161,
    "scoring_metric_used": "neg_mean_squared_error"
}