{
    "best_params": {
        "subsample": 0.8,
        "scale_pos_weight": 5,
        "n_estimators": 100,
        "max_depth": 3,
        "learning_rate": 0.2,
        "gamma": 0.5,
        "colsample_bytree": 0.8
    },
    "pr_auc": 0.8484586901036235,
    "roc_auc": 0.9253399424439279,
    "f1": 0.7748976248976249,
    "balanced_acc": 0.8582067439115605
}