{
    "roc_auc": 0.7344363493586947,
    "pr_ap": 0.5780885187985261,
    "optimal_threshold": 0.224286047678629,
    "optimal_f1": 0.6417556299634278,
    "accuracy": 0.6339393939393939,
    "precision": 0.5113421550094518,
    "recall": 0.8614649681528662,
    "f1": 0.641755634638197,
    "balanced_accuracy": 0.6777970633327932,
    "mcc": 0.3599615901678286
}