{
    "r2": 0.6697823703106036,
    "mse": 0.021318786525826534,
    "rmse": 0.14600954258481372,
    "mae": 0.10602582768095514,
    "best_inner_cv_score": -0.043651579885435145,
    "scoring_metric_used": "neg_mean_squared_error"
}