{
    "roc_auc": 0.886520435763521,
    "pr_ap": 0.8888061029333874,
    "optimal_threshold": 91.45594266813671,
    "optimal_f1": 0.8134957777248264,
    "accuracy": 0.8793939393939394,
    "precision": 0.9886104783599089,
    "recall": 0.6910828025477707,
    "f1": 0.8134957825679475,
    "balanced_accuracy": 0.8430952173208521,
    "mcc": 0.7539552989377164
}