{
    "roc_auc": 0.9635799045209217,
    "pr_ap": 0.9543721588942163,
    "optimal_threshold": 0.64,
    "optimal_f1": 0.897585340555865,
    "accuracy": 0.9254545454545454,
    "precision": 0.9406631762652705,
    "recall": 0.85828025477707,
    "f1": 0.8975853455453788,
    "balanced_accuracy": 0.9125060765079087,
    "mcc": 0.8413572728394948
}