{
    "r2": -1.6837872722935727,
    "mse": 0.2475900187274144,
    "rmse": 0.49758418255347947,
    "mae": 0.4418575501485042
}