{
    "r2": 0.7201667959375506,
    "mse": 0.028248142769641674,
    "rmse": 0.16807183812180337,
    "mae": 0.11153359171346644,
    "best_inner_cv_score": -0.018556646800978623,
    "scoring_metric_used": "neg_mean_squared_error"
}