{
    "r2": 0.5831372666206582,
    "mse": 0.0420807746789577,
    "rmse": 0.20513599069631272,
    "mae": 0.12417533237170564,
    "best_inner_cv_score": -0.018398391809184695,
    "scoring_metric_used": "neg_mean_squared_error"
}