{
    "roc_auc": 0.8094241390513321,
    "pr_ap": 0.7912952789827561,
    "optimal_threshold": 0.9,
    "optimal_f1": 0.7181069910341412,
    "accuracy": 0.833939393939394,
    "precision": 0.8681592039800995,
    "recall": 0.612280701754386,
    "f1": 0.7181069958847737,
    "balanced_accuracy": 0.7816033138401559,
    "mcc": 0.623873793790219
}