fpr,tpr,thresholds
0.0,0.0,inf
0.0,0.12280701754385964,0.92
0.001851851851851852,0.519298245614035,0.91
0.049074074074074076,0.612280701754386,0.9
0.2,0.7280701754385965,0.89
0.43703703703703706,0.7473684210526316,0.88
0.5259259259259259,0.9087719298245615,0.87
0.649074074074074,0.9122807017543859,0.86
0.8398148148148148,0.9122807017543859,0.85
0.9583333333333334,0.9122807017543859,0.84
0.9944444444444445,0.9122807017543859,0.83
1.0,0.9912280701754386,0.82
1.0,1.0,0.81
