{
    "r2": 0.7442603197495452,
    "mse": 0.016510504465103222,
    "rmse": 0.1284932078559144,
    "mae": 0.0884909048001116,
    "best_inner_cv_score": -0.021800935216425194,
    "scoring_metric_used": "neg_mean_squared_error"
}