{
    "accuracy": 0.855,
    "precision": 0.8536082474226804,
    "recall": 0.6854304635761589,
    "f1": 0.7603305785123967,
    "roc_auc": 0.9173943498194865,
    "pr_auc": 0.8755018252624996,
    "balanced_accuracy": 0.8130329575405878,
    "mcc": 0.666300859589694,
    "best_inner_cv_roc_auc": 0.9461332958217491
}