{
    "roc_auc": 0.8625194931773879,
    "pr_ap": 0.8568413127669708,
    "optimal_threshold": 0.4887267700639932,
    "optimal_f1": 0.7692307642404299,
    "accuracy": 0.8472727272727273,
    "precision": 0.8045977011494253,
    "recall": 0.7368421052631579,
    "f1": 0.7692307692307693,
    "balanced_accuracy": 0.8211988304093567,
    "mcc": 0.6568458420854567
}