{
    "roc_auc": 0.307619395711501,
    "pr_ap": 0.25747571305586175,
    "optimal_threshold": 2.1435372950096983,
    "optimal_f1": 0.5137449263309356,
    "accuracy": 0.34606060606060607,
    "precision": 0.34566403881140084,
    "recall": 1.0,
    "f1": 0.5137449301487156,
    "balanced_accuracy": 0.500462962962963,
    "mcc": 0.017890201094334895
}