model_name,r2_mean,r2_std,mse_mean,mse_std,rmse_mean,rmse_std,mae_mean,mae_std,best_inner_cv_score_mean,best_inner_cv_score_std,scoring_metric_used_mean,scoring_metric_used_std
rf,0.665064847258489,0.1906688724296397,0.026796314311885776,0.011562854248122314,0.16001939015924865,0.03449795769241895,0.09889855385755944,0.01707699191080445,-0.022911958696032228,0.0028973738021313977,N/A,N/A
lr,-25016822.974763732,50033645.987031594,2525357.2527078763,5050714.341744911,710.9112614345167,1421.2538235915006,26.177642529760572,51.916635332168035,-19486693.696509745,35445152.10880584,N/A,N/A
