{
    "r2": 0.8020955895487092,
    "mse": 0.023024349033790862,
    "rmse": 0.1517377640331861,
    "mae": 0.10926378356770688,
    "best_inner_cv_score": -0.01995006999250862,
    "scoring_metric_used": "neg_mean_squared_error"
}