{
    "accuracy": 0.8896103896103896,
    "precision": 0.7685185185185185,
    "recall": 0.7614678899082569,
    "f1": 0.7649769585253456,
    "roc_auc": 0.9334732437560102,
    "pr_auc": 0.875402603636919,
    "balanced_accuracy": 0.8453231800816072,
    "mcc": 0.6928557415875232,
    "best_inner_cv_pr_auc": 0.918107349222737
}