model_name,r2_mean,r2_std,mse_mean,mse_std,rmse_mean,rmse_std,mae_mean,mae_std,best_inner_cv_score_mean,best_inner_cv_score_std,scoring_metric_used_mean,scoring_metric_used_std
rf,0.6674919785993039,0.1900337578627834,0.026522270775093088,0.011265194902951742,0.15929652679639855,0.033865724939787914,0.09874821783318419,0.01716448603712263,-0.02275342979434993,0.0029705158366191277,N/A,N/A
lgbm,0.593307835762881,0.28681734038011397,0.03083211035242033,0.014957483390000293,0.17047689400542348,0.042068265506007285,0.09984874115820555,0.020601319222997606,-0.021994170051649962,0.0033731533551209707,N/A,N/A
xgb,0.5840296020350754,0.20743253055990626,0.033320767730620225,0.01029073921848207,0.18042924825201512,0.027677682450539937,0.11071894004180752,0.012311804295410624,-0.02418015850714229,0.003919793299329452,N/A,N/A
lr,-25016822.974763732,50033645.987031594,2525357.2527078763,5050714.341744911,710.9112614345167,1421.2538235915006,26.177642529760572,51.916635332168035,-19486693.696509745,35445152.10880584,N/A,N/A
ridge,-33424.84462516602,66850.54189398122,3374.2086718895453,6748.323029217107,26.14396004297303,51.87197726288227,1.0902734841194124,1.8991973818361565,-13311817.688913448,25929599.521857444,N/A,N/A
lasso,0.7097784007457364,0.09173834589717558,0.023983164493615698,0.003040094351535515,0.15455914279625627,0.009728097023681728,0.1069383007689868,0.004699368115185095,-0.023066743370292818,0.0036994479092144327,N/A,N/A
en,0.7161675620307284,0.08634237385514354,0.023575831372493868,0.0029118389300140214,0.15325643389354912,0.009396639970014746,0.10487936064541761,0.005929352526850466,-0.02228222870797559,0.002915491161086077,N/A,N/A
