{
    "r2": 0.743809196774115,
    "mse": 0.02980543212386774,
    "rmse": 0.17264249802371298,
    "mae": 0.12356728475217955,
    "best_inner_cv_score": -0.039282728827189,
    "scoring_metric_used": "neg_mean_squared_error"
}