{
    "r2": -63742.52700793085,
    "mse": 5880.593148561092,
    "rmse": 76.68502558232012,
    "mae": 76.23145432987677
}