{
    "roc_auc": 0.0750016957200027,
    "pr_ap": 0.12598712226422798,
    "optimal_threshold": 4.6208641372576365,
    "optimal_f1": 0.36489836092356276,
    "accuracy": 0.22363636363636363,
    "precision": 0.22316555488174653,
    "recall": 1.0,
    "f1": 0.36489836390679226,
    "balanced_accuracy": 0.500390015600624,
    "mcc": 0.013193790048791756
}