accuracy,precision,recall,f1,mcc,roc_auc,pr_auc
0.9260700389105059,0.8938679245283019,0.8115631691648822,0.8507295173961841,0.8034016207894471,0.9428770312067958,0.9221076170372067
