{
    "r2": 0.3430794179701372,
    "mse": 0.03835118505680727,
    "rmse": 0.19583458595663655,
    "mae": 0.1124132491916788,
    "best_inner_cv_score": -0.02433826710440562,
    "scoring_metric_used": "neg_mean_squared_error"
}