{
    "accuracy": 0.9685264663805436,
    "precision": 1.0,
    "recall": 0.7317073170731707,
    "f1": 0.8450704225352113,
    "roc_auc": 0.9536308653199984,
    "pr_auc": 0.8393446432392557,
    "balanced_accuracy": 0.8658536585365854,
    "mcc": 0.8405447732627834,
    "best_inner_cv_pr_auc": 0.9555431804119342
}