{
    "accuracy_mean": 0.8933930045311369,
    "accuracy_std": 0.016239030100897833,
    "precision_mean": 0.8750360490266762,
    "precision_std": 0.006542898341744763,
    "recall_mean": 0.7547729860041519,
    "recall_std": 0.027708765820665615,
    "f1_mean": 0.8102951357207204,
    "f1_std": 0.01878452398538949,
    "roc_auc_mean": 0.9432198543839848,
    "roc_auc_std": 0.004774484422709224,
    "pr_auc_mean": 0.9109546006077688,
    "pr_auc_std": 0.029475439284090355,
    "balanced_accuracy_mean": 0.8527299202046636,
    "balanced_accuracy_std": 0.006194977251730682,
    "mcc_mean": 0.7380192577802422,
    "mcc_std": 0.0011103752680531875,
    "best_inner_cv_roc_auc_mean": 0.9469339319044698,
    "best_inner_cv_roc_auc_std": 0.010095933009028613
}