{
    "accuracy_mean": 0.8592172972642589,
    "accuracy_std": 0.06378568808659939,
    "precision_mean": 0.7427437016450879,
    "precision_std": 0.20098193236795786,
    "recall_mean": 0.7443966881189203,
    "recall_std": 0.15671064484335293,
    "f1_mean": 0.7382589051652527,
    "f1_std": 0.17314004820650686,
    "roc_auc_mean": 0.9193616713491556,
    "roc_auc_std": 0.05403750064139416,
    "pr_auc_mean": 0.8417547811150434,
    "pr_auc_std": 0.15193127521783165,
    "balanced_accuracy_mean": 0.823736943896962,
    "balanced_accuracy_std": 0.0995838762483138,
    "mcc_mean": 0.6448684850725669,
    "mcc_std": 0.20606652037673165,
    "best_inner_cv_pr_auc_mean": 0.8924836842416832,
    "best_inner_cv_pr_auc_std": 0.03488243199778784,
    "default_threshold_mean": 0.5,
    "default_threshold_std": 0.0,
    "optimal_threshold_mean": 0.5162265781753235,
    "optimal_threshold_std": 0.41269830117880363,
    "optimal_f1_mean": 0.8032752540531399,
    "optimal_f1_std": 0.14900030714409085,
    "threshold_improvement_mean": 0.06501634888788729,
    "threshold_improvement_std": 0.03654998596273356,
    "threshold_used_mean": 0.5,
    "threshold_used_std": 0.0
}