{
    "roc_auc": 0.6855626398969001,
    "pr_ap": 0.5171598455424756,
    "optimal_threshold": 0.0798181367991116,
    "optimal_f1": 0.5362694250626863,
    "accuracy": 0.7830303030303031,
    "precision": 0.5123762376237624,
    "recall": 0.5625,
    "f1": 0.5362694300518135,
    "balanced_accuracy": 0.704416926677067,
    "mcc": 0.39579022900382477
}