{
    "accuracy": 0.8786666666666667,
    "precision": 0.0975609756097561,
    "recall": 0.06896551724137931,
    "f1": 0.08080808080808081,
    "roc_auc": 0.9279449870440502,
    "pr_auc": 0.34074550543868265,
    "balanced_accuracy": 0.5077486545744468,
    "mcc": 0.0182099307708384,
    "best_inner_cv_pr_auc": 0.44619996773167236
}