{
    "roc_auc": 0.5988198505523068,
    "pr_ap": 0.37047345953613037,
    "optimal_threshold": 2004.0,
    "optimal_f1": 0.5996533751322355,
    "accuracy": 0.58,
    "precision": 0.4470284237726098,
    "recall": 0.9105263157894737,
    "f1": 0.5996533795493935,
    "balanced_accuracy": 0.6580409356725146,
    "mcc": 0.3291382487443615
}