{
    "best_params": {
        "subsample": 1.0,
        "scale_pos_weight": 1,
        "n_estimators": 200,
        "max_depth": 3,
        "learning_rate": 0.01,
        "gamma": 0.1,
        "colsample_bytree": 0.6
    },
    "pr_auc": 0.9200877469327002,
    "roc_auc": 0.9495439707060687,
    "f1": 0.8629101483884236,
    "balanced_acc": 0.8990056700602507
}