{
    "r2": 0.4031244822545088,
    "mse": 0.09131611014164165,
    "rmse": 0.30218555581238765,
    "mae": 0.17811147005983025,
    "best_inner_cv_score": -0.0763071933336855,
    "scoring_metric_used": "neg_mean_squared_error"
}