{
    "r2": 0.7486504407235416,
    "mse": 0.029985643763020514,
    "rmse": 0.17316363291124529,
    "mae": 0.11458878830682324,
    "best_inner_cv_score": -8949256.073472558,
    "scoring_metric_used": "neg_mean_squared_error"
}