{
    "roc_auc": 0.9764717348927874,
    "pr_ap": 0.9652086808650019,
    "optimal_threshold": 0.0180563644396284,
    "optimal_f1": 0.8936877026553239,
    "accuracy": 0.9224242424242424,
    "precision": 0.8485804416403786,
    "recall": 0.9438596491228071,
    "f1": 0.893687707641196,
    "balanced_accuracy": 0.9274853801169591,
    "mcc": 0.8358129290625714
}