{
    "r2": 0.8017235186964868,
    "mse": 0.021266348387519604,
    "rmse": 0.14582986109682614,
    "mae": 0.09149038955314966,
    "best_inner_cv_score": -0.029425923829309548,
    "scoring_metric_used": "neg_mean_squared_error"
}