{
    "r2": 0.8169568752282346,
    "mse": 0.016894298217638982,
    "rmse": 0.12997806821783042,
    "mae": 0.0850830562954034
}