{
    "roc_auc": 0.9290404103356725,
    "pr_ap": 0.9162765397274022,
    "optimal_threshold": 0.1923972785821694,
    "optimal_f1": 0.8276409799086861,
    "accuracy": 0.8684848484848485,
    "precision": 0.8256735340729001,
    "recall": 0.8296178343949044,
    "f1": 0.8276409849086577,
    "balanced_accuracy": 0.8609928702307204,
    "mcc": 0.7213268832572676
}