model_name,r2_mean,r2_std,mse_mean,mse_std,rmse_mean,rmse_std,mae_mean,mae_std,best_inner_cv_score_mean,best_inner_cv_score_std,scoring_metric_used_mean,scoring_metric_used_std
rf,0.74186177312603,0.0022937848611538914,0.02359626629910988,0.002557274506505825,0.15338440174521628,0.008336162208832876,0.09340621942427323,0.001560817544499396,-0.024828271184546755,0.004001652524007169,N/A,N/A
lgbm,0.6863931621941424,0.026881191753370948,0.02888576144717259,0.005307299212197875,0.16923322840559255,0.01568042890335386,0.10076271010997781,0.009086838288339928,-0.026611925538141457,0.007010692973063559,N/A,N/A
xgb,0.7043889926065493,0.000664878585021289,0.02699169380546452,0.0026278816217497076,0.16409625101414543,0.008007134853809605,0.10409359111747177,0.004516525734956187,-0.0302307150595907,0.005808601086620015,N/A,N/A
lr,-200192331.65607634,200192331.18039647,20104050.583926685,20104050.46257632,3170.66708204951,3170.318728256566,73.98820454354109,73.69323164634673,-8133764.442040219,8133764.391306014,N/A,N/A
ridge,-369757839.156861,369757839.6639157,37132442.72523102,37132442.68469439,4308.9545013647175,4308.753164245981,100.38833613278511,100.23987339172018,-18810.790669806494,18810.760853928394,N/A,N/A
lasso,0.6529217868065365,0.054092516034792315,0.03219014448272155,0.00809689614253335,0.17796815929448853,0.02274815948715636,0.13272104515294708,0.02160712482450139,-0.02549499553325614,0.0022573051434084616,N/A,N/A
en,0.6751756403542519,0.01171321421732846,0.029772288186670794,0.0040240531770887634,0.1721501892091079,0.011687623451290013,0.1266993210157256,0.010657791823709607,-0.025261820085221206,0.0016950823049204679,N/A,N/A
