{
    "r2": 0.7345840320540471,
    "mse": 0.017135203733694183,
    "rmse": 0.13090150393977215,
    "mae": 0.09250992756521088,
    "best_inner_cv_score": -0.022624386005928768,
    "scoring_metric_used": "neg_mean_squared_error"
}