{
    "accuracy": 0.8285714285714286,
    "precision": 1.0,
    "recall": 0.781021897810219,
    "f1": 0.8770491803278688,
    "roc_auc": 0.9171148674606224,
    "pr_auc": 0.9792410557443236,
    "balanced_accuracy": 0.8905109489051095,
    "mcc": 0.6606462090121923,
    "best_inner_cv_pr_auc": 0.9337215373328478
}