{
    "regressor__alpha": 0.0401949321712464,
    "regressor__l1_ratio": 0.9611720243493491,
    "regressor__max_iter": 1000
}