{
    "r2": 0.5678773475039491,
    "mse": 0.025227426672956806,
    "rmse": 0.1588314410718382,
    "mae": 0.1012484500240476,
    "best_inner_cv_score": -0.022146093149099367,
    "scoring_metric_used": "neg_mean_squared_error"
}