MSE,RMSE,MAE,R2
0.021359889330238087,0.14615022863559976,0.09263281011693238,0.8185967716926881
