{
    "r2": 0.7684730810657961,
    "mse": 0.01655402633041715,
    "rmse": 0.12866245112859132,
    "mae": 0.08452913925531248,
    "best_inner_cv_score": -0.02247644062270925,
    "scoring_metric_used": "neg_mean_squared_error"
}