{
    "accuracy": 0.9227467811158798,
    "precision": 0.933852140077821,
    "recall": 0.8664259927797834,
    "f1": 0.898876404494382,
    "roc_auc": 0.9445908258764352,
    "pr_auc": 0.9516203875642973,
    "balanced_accuracy": 0.9130708162951049,
    "mcc": 0.838055773263246,
    "best_inner_cv_pr_auc": 0.908223919049919
}