{
    "r2": -0.013555618838682282,
    "mse": 0.09350452520593631,
    "rmse": 0.30578509644182517,
    "mae": 0.27722990240548184
}