{
    "r2": 0.7759786311533847,
    "mse": 0.024027642839033667,
    "rmse": 0.15500852505276497,
    "mae": 0.10015803081706265,
    "best_inner_cv_score": -0.027425557319824694,
    "scoring_metric_used": "neg_mean_squared_error"
}