{
    "r2": 0.1482118988551019,
    "mse": 0.11852681828752266,
    "rmse": 0.34427724044369046,
    "mae": 0.31197971823419196
}