{
    "best_params": {
        "subsample": 0.6,
        "scale_pos_weight": 1,
        "n_estimators": 500,
        "max_depth": 5,
        "learning_rate": 0.2,
        "gamma": 0.5,
        "colsample_bytree": 0.8
    },
    "pr_auc": 0.9556340679039667,
    "roc_auc": 0.9798155252013393,
    "f1": 0.8391259275592674,
    "balanced_acc": 0.9025725102508141
}