{
    "accuracy": 0.9341917024320457,
    "precision": 0.8167330677290837,
    "recall": 1.0,
    "f1": 0.8991228070175439,
    "roc_auc": 0.9857805865508047,
    "pr_auc": 0.9579778490585171,
    "balanced_accuracy": 0.9534412955465588,
    "mcc": 0.8606282592929319,
    "best_inner_cv_pr_auc": 0.9556340679039667
}