{
    "roc_auc": 0.4333264091433222,
    "pr_ap": 0.19300741950489148,
    "optimal_threshold": 2.491676952918356,
    "optimal_f1": 0.3650508643093201,
    "accuracy": 0.356969696969697,
    "precision": 0.2340752110514198,
    "recall": 0.8288043478260869,
    "f1": 0.36505086774386597,
    "balanced_accuracy": 0.5251666044902665,
    "mcc": 0.05141449758361456
}