{
    "accuracy": 0.867816091954023,
    "precision": 0.7315436241610739,
    "recall": 0.9478260869565217,
    "f1": 0.8257575757575758,
    "roc_auc": 0.982422093674193,
    "pr_auc": 0.9789632968219614,
    "balanced_accuracy": 0.8880761336070162,
    "mcc": 0.7378263119208254,
    "best_inner_cv_pr_auc": 0.9419037748795738
}