{
    "r2_mean": -25016822.974763732,
    "r2_std": 50033645.987031594,
    "mse_mean": 2525357.2527078763,
    "mse_std": 5050714.341744911,
    "rmse_mean": 710.9112614345167,
    "rmse_std": 1421.2538235915006,
    "mae_mean": 26.177642529760572,
    "mae_std": 51.916635332168035,
    "best_inner_cv_score_mean": -19486693.696509745,
    "best_inner_cv_score_std": 35445152.10880584,
    "scoring_metric_used_mean": "N/A",
    "scoring_metric_used_std": "N/A"
}