{
    "r2": -0.12220859388669547,
    "mse": 0.15615598986358456,
    "rmse": 0.3951657751673145,
    "mae": 0.341306259186063
}