{
    "roc_auc": 0.8385059858916095,
    "pr_ap": 0.4927488625721005,
    "optimal_threshold": 90.94986568986567,
    "optimal_f1": 0.7274969124287046,
    "accuracy": 0.8660606060606061,
    "precision": 0.6659142212189616,
    "recall": 0.8016304347826086,
    "f1": 0.7274969173859432,
    "balanced_accuracy": 0.8430929084989487,
    "mcc": 0.6445463613133421
}