{
    "r2_mean": 0.7070635231923814,
    "r2_std": 0.12647662572132468,
    "mse_mean": 0.024517392199426998,
    "mse_std": 0.008482280697145286,
    "rmse_mean": 0.15393061666827373,
    "rmse_std": 0.028683748910349416,
    "mae_mean": 0.1069289656737636,
    "mae_std": 0.020419711786406843,
    "best_inner_cv_score_mean": -0.023002578463754243,
    "best_inner_cv_score_std": 0.002731643814383413,
    "scoring_metric_used": "neg_mean_squared_error"
}