{
    "accuracy": 0.8306666666666667,
    "precision": 0.16666666666666666,
    "recall": 0.4883720930232558,
    "f1": 0.2485207100591716,
    "roc_auc": 0.8540673004177495,
    "pr_auc": 0.15986362454365272,
    "balanced_accuracy": 0.6699286207690536,
    "mcc": 0.21133084785095885,
    "best_inner_cv_pr_auc": 0.5066696981528186
}