{
    "r2": -79692.09120347169,
    "mse": 7352.00369537886,
    "rmse": 85.7438259898569,
    "mae": 85.57779506358536
}