{
    "r2": 0.8074723952968451,
    "mse": 0.020649746701750675,
    "rmse": 0.1437001972919685,
    "mae": 0.10168265746362307,
    "best_inner_cv_score": -0.02771484398900237,
    "scoring_metric_used": "neg_mean_squared_error"
}