{
    "accuracy": 0.9670958512160229,
    "precision": 0.9836065573770492,
    "recall": 0.7317073170731707,
    "f1": 0.8391608391608392,
    "roc_auc": 0.9664189429576631,
    "pr_auc": 0.8629528800236859,
    "balanced_accuracy": 0.8650432857651105,
    "mcc": 0.8324317030193947,
    "best_inner_cv_pr_auc": 0.9806711836554638
}