{
    "roc_auc": 0.20167641325536062,
    "pr_ap": 0.2284769585660285,
    "optimal_threshold": 1.9592577030812324,
    "optimal_f1": 0.513513509696859,
    "accuracy": 0.34545454545454546,
    "precision": 0.34545454545454546,
    "recall": 1.0,
    "f1": 0.5135135135135135,
    "balanced_accuracy": 0.5,
    "mcc": 0.0
}