{
    "r2": 0.7165447044688948,
    "mse": 0.025764514895104056,
    "rmse": 0.1605132857277056,
    "mae": 0.10002983918596459,
    "best_inner_cv_score": -0.03145639441764072,
    "scoring_metric_used": "neg_mean_squared_error"
}