{
    "accuracy": 0.8253333333333334,
    "precision": 0.7012195121951219,
    "recall": 0.583756345177665,
    "f1": 0.6371191135734072,
    "roc_auc": 0.9027547020864504,
    "pr_auc": 0.8253915238725843,
    "balanced_accuracy": 0.747574375120478,
    "mcc": 0.5271820735037926,
    "best_inner_cv_pr_auc": 0.9189119601676302
}