{
    "r2": 0.6214777027568495,
    "mse": 0.03492018299314892,
    "rmse": 0.18686942765778708,
    "mae": 0.14051461318514089
}