{
    "roc_auc": 0.5640463933588442,
    "pr_ap": 0.3886121325608335,
    "optimal_threshold": 1234.3223908736204,
    "optimal_f1": 0.6001926740074474,
    "accuracy": 0.49696969696969695,
    "precision": 0.4302486187845304,
    "recall": 0.9920382165605095,
    "f1": 0.6001926782273603,
    "balanced_accuracy": 0.5923987560297655,
    "mcc": 0.27374199253197007
}