{
    "roc_auc": 0.6741621023536594,
    "pr_ap": 0.3425846088556244,
    "optimal_threshold": 0.89,
    "optimal_f1": 0.506480553679341,
    "accuracy": 0.7,
    "precision": 0.4,
    "recall": 0.6902173913043478,
    "f1": 0.5064805583250249,
    "balanced_accuracy": 0.6965127518144204,
    "mcc": 0.336255015615709
}