precision,recall,thresholds
0.22303030303030302,1.0,0.81
0.20536828963795256,0.8940217391304348,0.82
0.20512820512820512,0.8913043478260869,0.83
0.21326397919375814,0.8913043478260869,0.84
0.22465753424657534,0.8913043478260869,0.85
0.25,0.8913043478260869,0.86
0.2830025884383089,0.8913043478260869,0.87
0.3319011815252417,0.8396739130434783,0.88
0.4,0.6902173913043478,0.89
0.23863636363636365,0.17119565217391305,0.9
0.41379310344827586,0.03260869565217391,0.91
1.0,0.0,1.0
