fpr,tpr,thresholds
0.0,0.0,inf
0.01326053042121685,0.03260869565217391,0.91
0.15678627145085802,0.17119565217391305,0.9
0.297191887675507,0.6902173913043478,0.89
0.48517940717628705,0.8396739130434783,0.88
0.6482059282371295,0.8913043478260869,0.87
0.7675507020280812,0.8913043478260869,0.86
0.8829953198127926,0.8913043478260869,0.85
0.9438377535101404,0.8913043478260869,0.84
0.9914196567862714,0.8913043478260869,0.83
0.9929797191887676,0.8940217391304348,0.82
1.0,1.0,0.81
