{
    "r2": -76909595.27163613,
    "mse": 7095215.249656832,
    "rmse": 2663.6845251750124,
    "mae": 2549.628755240616
}