{
    "r2": 0.539724332017316,
    "mse": 0.04646315231292373,
    "rmse": 0.2155531310673165,
    "mae": 0.12784316917690203,
    "best_inner_cv_score": -0.018092873548652758,
    "scoring_metric_used": "neg_mean_squared_error"
}