{
    "r2": 0.818898521772121,
    "mse": 0.021069483169908636,
    "rmse": 0.14515330919379218,
    "mae": 0.09766205511942082,
    "best_inner_cv_score": -0.025732304017921426,
    "scoring_metric_used": "neg_mean_squared_error"
}