,roc_auc,pr_auc
count,5.0,5.0
mean,0.9934784762748539,0.9916963167336954
std,0.0033716068544861377,0.003484645024908778
min,0.9901874115983027,0.9883296714759442
25%,0.9906414505751608,0.9884969997172636
50%,0.9931092452499054,0.991693954695124
75%,0.9950920245398773,0.9933328098672811
max,0.9983622494110228,0.9966281479128638
