{
    "r2": 0.13737464806054633,
    "mse": 0.050360280088498736,
    "rmse": 0.22441096249626205,
    "mae": 0.1299950829628222,
    "best_inner_cv_score": -0.024186353820550083,
    "scoring_metric_used": "neg_mean_squared_error"
}