{
    "r2": 0.6819473360601347,
    "mse": 0.03641753449387135,
    "rmse": 0.19083378761076705,
    "mae": 0.16005253893328208,
    "best_inner_cv_score": -0.10223277156653114,
    "scoring_metric_used": "neg_mean_squared_error"
}