Metric,rf,logistic
accuracy,0.933252427184466,0.9101941747572816
precision,0.9592198581560284,0.9054054054054054
recall,0.8614649681528662,0.8535031847133758
f1,0.9077181208053692,0.8786885245901639
roc_auc,0.9435080242287998,0.9387754464843263
balanced_accuracy,0.9194579742725115,0.899300611964531
mcc,0.8587053436005476,0.8083828042942044
optimal_f1,0.9464688287657884,0.9416130577519459
optimal_threshold,0.63,0.868586286703459
pr_ap,0.9173060478809592,0.9156626456351298
