{
    "accuracy": 0.8958611481975968,
    "precision": 0.8771929824561403,
    "recall": 0.8928571428571429,
    "f1": 0.8849557522123894,
    "roc_auc": 0.9451818863138476,
    "pr_auc": 0.913841285703754,
    "balanced_accuracy": 0.8955811138014529,
    "mcc": 0.7899506330788988,
    "best_inner_cv_roc_auc": 0.9326425872296079
}