{
    "accuracy": 0.95,
    "precision": 0.9253112033195021,
    "recall": 0.9291666666666667,
    "f1": 0.9272349272349273,
    "roc_auc": 0.98875,
    "pr_auc": 0.9803065329236624,
    "balanced_accuracy": 0.945018115942029,
    "mcc": 0.8891547625908542,
    "best_inner_cv_roc_auc": 0.9430099821894641
}