accuracy,precision,recall,f1,mcc,roc_auc,pr_auc
0.9342857142857143,0.8818897637795275,0.9333333333333333,0.9068825910931174,0.8569943933544544,0.9883242753623188,0.9796546826342081
