{
    "r2": 0.7983528098809174,
    "mse": 0.01832861165512736,
    "rmse": 0.13538320300217216,
    "mae": 0.0995452981896364,
    "best_inner_cv_score": -0.046124526737494946,
    "scoring_metric_used": "neg_mean_squared_error"
}