{
    "r2": 0.8295141891375575,
    "mse": 0.01828563138247116,
    "rmse": 0.13522437421733982,
    "mae": 0.09988140430087679,
    "best_inner_cv_score": -0.04423876043288968,
    "scoring_metric_used": "neg_mean_squared_error"
}