{
    "r2": 0.5070546648601998,
    "mse": 0.040536635381311845,
    "rmse": 0.2013371187369876,
    "mae": 0.14846274106493856,
    "best_inner_cv_score": -37621.55152373489,
    "scoring_metric_used": "neg_mean_squared_error"
}