{
    "regressor__alpha": 0.01444525102276306,
    "regressor__l1_ratio": 0.2912291401980419,
    "regressor__max_iter": 5000
}