{
    "r2": 0.667179887486538,
    "mse": 0.03342302021766586,
    "rmse": 0.18281963849014105,
    "mae": 0.13538226901533812,
    "best_inner_cv_score": -0.027446407410414448,
    "scoring_metric_used": "neg_mean_squared_error"
}