{
    "roc_auc": 0.048753848455008915,
    "pr_ap": 0.22322202253147896,
    "optimal_threshold": 2.0419430711334123,
    "optimal_f1": 0.5513608388509861,
    "accuracy": 0.3806060606060606,
    "precision": 0.3806060606060606,
    "recall": 1.0,
    "f1": 0.5513608428446005,
    "balanced_accuracy": 0.5,
    "mcc": 0.0
}