{
    "r2_mean": 0.6674919785993039,
    "r2_std": 0.1900337578627834,
    "mse_mean": 0.026522270775093088,
    "mse_std": 0.011265194902951742,
    "rmse_mean": 0.15929652679639855,
    "rmse_std": 0.033865724939787914,
    "mae_mean": 0.09874821783318419,
    "mae_std": 0.01716448603712263,
    "best_inner_cv_score_mean": -0.02275342979434993,
    "best_inner_cv_score_std": 0.0029705158366191277,
    "scoring_metric_used_mean": "N/A",
    "scoring_metric_used_std": "N/A"
}