{
    "r2_mean": -33424.84462516602,
    "r2_std": 66850.54189398122,
    "mse_mean": 3374.2086718895453,
    "mse_std": 6748.323029217107,
    "rmse_mean": 26.14396004297303,
    "rmse_std": 51.87197726288227,
    "mae_mean": 1.0902734841194124,
    "mae_std": 1.8991973818361565,
    "best_inner_cv_score_mean": -13311817.688913448,
    "best_inner_cv_score_std": 25929599.521857444,
    "scoring_metric_used_mean": "N/A",
    "scoring_metric_used_std": "N/A"
}