{
    "r2": 0.8779322426502155,
    "mse": 0.014373249098768429,
    "rmse": 0.11988848609757498,
    "mae": 0.06921114885534368,
    "best_inner_cv_score": -0.028868328985818956,
    "scoring_metric_used": "neg_mean_squared_error"
}