{
    "r2": 0.5890628896820846,
    "mse": 0.027913006944254946,
    "rmse": 0.16707186161725424,
    "mae": 0.11731058341215408,
    "best_inner_cv_score": -0.043096592199900474,
    "scoring_metric_used": "neg_mean_squared_error"
}