{
    "r2": 0.7093463561850231,
    "mse": 0.026418804846655194,
    "rmse": 0.16253862570679992,
    "mae": 0.09634445340907993,
    "best_inner_cv_score": -0.035933875499687976,
    "scoring_metric_used": "neg_mean_squared_error"
}