{
    "r2": 0.7892211348656587,
    "mse": 0.015070553780059228,
    "rmse": 0.12276218383549238,
    "mae": 0.09002444015797437,
    "best_inner_cv_score": -0.024079817659971067,
    "scoring_metric_used": "neg_mean_squared_error"
}