{
    "rf": {
        "params": {
            "class_weight": null,
            "max_depth": 10,
            "max_features": "sqrt",
            "min_samples_leaf": 1,
            "min_samples_split": 10,
            "n_estimators": 300
        },
        "cv_metrics": {
            "accuracy_mean": 0.859964294595942,
            "accuracy_std": 0.06785012737783112,
            "precision_mean": 0.754227616771631,
            "precision_std": 0.21808419272419582,
            "recall_mean": 0.7186499615390062,
            "recall_std": 0.17403163148990827,
            "f1_mean": 0.7295911412999581,
            "f1_std": 0.185779816396639,
            "roc_auc_mean": 0.9208258578852904,
            "roc_auc_std": 0.05283171578505635,
            "pr_auc_mean": 0.8545131525017313,
            "pr_auc_std": 0.14526477317238648,
            "balanced_accuracy_mean": 0.8172756796034808,
            "balanced_accuracy_std": 0.1092526231542433,
            "mcc_mean": 0.6401343588544646,
            "mcc_std": 0.22409080975947832,
            "best_inner_cv_pr_auc_mean": 0.8869889199926316,
            "best_inner_cv_pr_auc_std": 0.03163353164688447,
            "default_threshold_mean": 0.5,
            "default_threshold_std": 0.0,
            "optimal_threshold_mean": 0.3584624749419491,
            "optimal_threshold_std": 0.22279422806496602,
            "optimal_f1_mean": 0.80290854581664,
            "optimal_f1_std": 0.15128192076004537,
            "threshold_improvement_mean": 0.07331740451668174,
            "threshold_improvement_std": 0.0640373900649173,
            "threshold_used_mean": 0.5,
            "threshold_used_std": 0.0
        }
    },
    "xgb": {
        "params": {
            "colsample_bytree": 1.0,
            "gamma": 0.1,
            "learning_rate": 0.05,
            "max_depth": 7,
            "n_estimators": 300,
            "scale_pos_weight": 5,
            "subsample": 0.8
        },
        "cv_metrics": {
            "accuracy_mean": 0.8553088566347882,
            "accuracy_std": 0.06620378406254519,
            "precision_mean": 0.7281358939518375,
            "precision_std": 0.20680308266671943,
            "recall_mean": 0.733066770820577,
            "recall_std": 0.18291419017247065,
            "f1_mean": 0.7272816309784954,
            "f1_std": 0.19009078944912786,
            "roc_auc_mean": 0.9226904631514925,
            "roc_auc_std": 0.05025090555002725,
            "pr_auc_mean": 0.8435360714879883,
            "pr_auc_std": 0.15847308988130232,
            "balanced_accuracy_mean": 0.8155137966842199,
            "balanced_accuracy_std": 0.11146359865982393,
            "mcc_mean": 0.6288034840137646,
            "mcc_std": 0.22519534049103757,
            "best_inner_cv_pr_auc_mean": 0.8933450410420715,
            "best_inner_cv_pr_auc_std": 0.03495147188399557,
            "default_threshold_mean": 0.5,
            "default_threshold_std": 0.0,
            "optimal_threshold_mean": 0.5589101910591125,
            "optimal_threshold_std": 0.3988647758960724,
            "optimal_f1_mean": 0.8139502621111825,
            "optimal_f1_std": 0.12629736145245962,
            "threshold_improvement_mean": 0.08666863113268718,
            "threshold_improvement_std": 0.06677262857007278,
            "threshold_used_mean": 0.5,
            "threshold_used_std": 0.0
        }
    },
    "lgb": {
        "params": {
            "class_weight": null,
            "colsample_bytree": 0.6,
            "learning_rate": 0.1,
            "max_depth": 10,
            "n_estimators": 100,
            "num_leaves": 50,
            "reg_alpha": 0.01,
            "reg_lambda": 5,
            "subsample": 0.8
        },
        "cv_metrics": {
            "accuracy_mean": 0.857349918537067,
            "accuracy_std": 0.06437894024351937,
            "precision_mean": 0.739026441612058,
            "precision_std": 0.2034312589693257,
            "recall_mean": 0.7330364852201212,
            "recall_std": 0.16922576943550036,
            "f1_mean": 0.730959522714513,
            "f1_std": 0.17952883882849513,
            "roc_auc_mean": 0.9194264958171046,
            "roc_auc_std": 0.05344166101069048,
            "pr_auc_mean": 0.8445573438828307,
            "pr_auc_std": 0.14611909962551115,
            "balanced_accuracy_mean": 0.8185402730405149,
            "balanced_accuracy_std": 0.1046590620836782,
            "mcc_mean": 0.6363641881364313,
            "mcc_std": 0.21345270294426866,
            "best_inner_cv_pr_auc_mean": 0.8944310805186753,
            "best_inner_cv_pr_auc_std": 0.03636849352680731,
            "default_threshold_mean": 0.5,
            "default_threshold_std": 0.0,
            "optimal_threshold_mean": 0.5532321388982321,
            "optimal_threshold_std": 0.4546732622544448,
            "optimal_f1_mean": 0.809072681546958,
            "optimal_f1_std": 0.1479304972424117,
            "threshold_improvement_mean": 0.07811315883244503,
            "threshold_improvement_std": 0.04915846271545288,
            "threshold_used_mean": 0.5,
            "threshold_used_std": 0.0
        }
    },
    "logistic": {
        "params": {
            "model__C": 0.005994842503189409,
            "model__class_weight": null,
            "model__penalty": "l1",
            "model__solver": "liblinear"
        },
        "cv_metrics": {
            "accuracy_mean": 0.8523875259525815,
            "accuracy_std": 0.08391994970955739,
            "precision_mean": 0.840559086816039,
            "precision_std": 0.1840940217899665,
            "recall_mean": 0.6119289899025495,
            "recall_std": 0.22235081469870666,
            "f1_mean": 0.6865627384995019,
            "f1_std": 0.19450927952081107,
            "roc_auc_mean": 0.9373235060989094,
            "roc_auc_std": 0.04837991775700272,
            "pr_auc_mean": 0.8816913644490594,
            "pr_auc_std": 0.11293813565008967,
            "balanced_accuracy_mean": 0.7868769421274526,
            "balanced_accuracy_std": 0.11932959336036439,
            "mcc_mean": 0.6264661427453819,
            "mcc_std": 0.21219326189941098,
            "best_inner_cv_pr_auc_mean": 0.9213399760000935,
            "best_inner_cv_pr_auc_std": 0.01925047721438052,
            "default_threshold_mean": 0.5,
            "default_threshold_std": 0.0,
            "optimal_threshold_mean": 0.33977766515355706,
            "optimal_threshold_std": 0.18814293078649022,
            "optimal_f1_mean": 0.83167251011744,
            "optimal_f1_std": 0.12169276470776388,
            "threshold_improvement_mean": 0.1451097716179382,
            "threshold_improvement_std": 0.15488144108590954
        }
    }
}