{
    "r2": -0.3397686795525534,
    "mse": 0.12359897369113637,
    "rmse": 0.35156645700512495,
    "mae": 0.3173579874385196
}