{
    "roc_auc": 0.9817625081221573,
    "pr_ap": 0.9709220369387752,
    "optimal_threshold": 0.41,
    "optimal_f1": 0.9058524123082701,
    "accuracy": 0.9327272727272727,
    "precision": 0.8768472906403941,
    "recall": 0.9368421052631579,
    "f1": 0.905852417302799,
    "balanced_accuracy": 0.9336988304093568,
    "mcc": 0.8547390408211376
}