{
    "accuracy": 0.927038626609442,
    "precision": 1.0,
    "recall": 0.8241379310344827,
    "f1": 0.9035916824196597,
    "roc_auc": 0.9824045190118877,
    "pr_auc": 0.9793768203726299,
    "balanced_accuracy": 0.9120689655172414,
    "mcc": 0.8560175914906943,
    "best_inner_cv_pr_auc": 0.8884404417034423
}