{
    "accuracy_mean": 0.892167576262907,
    "accuracy_std": 0.015003074098404845,
    "precision_mean": 0.8389379147413404,
    "precision_std": 0.06012750581940729,
    "recall_mean": 0.8163451401030719,
    "recall_std": 0.08087113398686391,
    "f1_mean": 0.8214570545087849,
    "f1_std": 0.01237379126235938,
    "roc_auc_mean": 0.9410410208499603,
    "roc_auc_std": 0.002935611028170415,
    "pr_auc_mean": 0.9062020852436223,
    "pr_auc_std": 0.00860697195366461,
    "balanced_accuracy_mean": 0.8745312025533845,
    "balanced_accuracy_std": 0.029407264821913692,
    "mcc_mean": 0.7506705397949676,
    "mcc_std": 0.02291275110989588,
    "best_inner_cv_roc_auc_mean": 0.9452325345358301,
    "best_inner_cv_roc_auc_std": 0.0066870853924950735
}