{
    "r2": 0.5803787334844163,
    "mse": 0.05839054753056714,
    "rmse": 0.2416413613820431,
    "mae": 0.11601910036228767
}