{
    "r2": 0.7423178060597142,
    "mse": 0.03585662976042778,
    "rmse": 0.1893584689429754,
    "mae": 0.13921291117841647
}