{
    "accuracy": 0.9071706503613118,
    "precision": 0.7788104089219331,
    "recall": 0.8972162740899358,
    "f1": 0.8338308457711443,
    "roc_auc": 0.9439766318781307,
    "pr_auc": 0.8975951132899577,
    "balanced_accuracy": 0.9039384673752981,
    "mcc": 0.7735832909048634,
    "best_inner_cv_roc_auc": 0.9519196199283252
}