{
    "best_params": {
        "subsample": 1.0,
        "scale_pos_weight": 3,
        "n_estimators": 200,
        "max_depth": 3,
        "learning_rate": 0.01,
        "gamma": 1,
        "colsample_bytree": 0.6
    },
    "pr_auc": 0.9210009043903337,
    "roc_auc": 0.9563874319542186,
    "f1": 0.8202991198256115,
    "balanced_acc": 0.86391891769174
}