{
    "accuracy": 0.7546666666666667,
    "precision": 0.39800995024875624,
    "recall": 0.5594405594405595,
    "f1": 0.46511627906976744,
    "roc_auc": 0.8375421942143524,
    "pr_auc": 0.5257196690844214,
    "balanced_accuracy": 0.6800497690118777,
    "mcc": 0.31937486032471357,
    "best_inner_cv_pr_auc": 0.9210009043903337
}