{
    "r2": -3.6793036017374634,
    "mse": 0.43168431356160986,
    "rmse": 0.6570268743069875,
    "mae": 0.5897251146219563
}