{
    "r2": 0.8155389616654449,
    "mse": 0.026061982147485518,
    "rmse": 0.16143723903574886,
    "mae": 0.1236204756481257,
    "best_inner_cv_score": -0.0516986531152878,
    "scoring_metric_used": "neg_mean_squared_error"
}