{
    "best_params": {
        "subsample": 1.0,
        "reg_lambda": 1,
        "reg_alpha": 0.5,
        "num_leaves": 40,
        "n_estimators": 500,
        "max_depth": -1,
        "learning_rate": 0.01,
        "colsample_bytree": 0.6,
        "class_weight": "balanced"
    },
    "pr_auc": 0.918107349222737,
    "roc_auc": 0.9391710583539263,
    "f1": 0.8347695416854595,
    "balanced_acc": 0.8743050386480877
}