{
    "accuracy_mean": 0.885846724611316,
    "accuracy_std": 0.006469292704701257,
    "precision_mean": 0.8551091512874953,
    "precision_std": 0.017502313680657633,
    "recall_mean": 0.7371559633027522,
    "recall_std": 0.06284403669724775,
    "f1_mean": 0.7909353343701099,
    "f1_std": 0.0437942924387249,
    "roc_auc_mean": 0.941997670045875,
    "roc_auc_std": 0.0018045026991485025,
    "pr_auc_mean": 0.9070148529282578,
    "pr_auc_std": 0.031033909881626076,
    "balanced_accuracy_mean": 0.8405325922982552,
    "balanced_accuracy_std": 0.023560764972839987,
    "mcc_mean": 0.7139845489601382,
    "mcc_std": 0.02779074255188685,
    "best_inner_cv_pr_auc_mean": 0.9125620465855216,
    "best_inner_cv_pr_auc_std": 0.03203959660572531,
    "default_threshold_mean": 0.5,
    "default_threshold_std": 0.0,
    "optimal_threshold_mean": 0.6434304605975154,
    "optimal_threshold_std": 0.2419150310671233,
    "optimal_f1_mean": 0.81716800612323,
    "optimal_f1_std": 0.03357826253348645,
    "threshold_improvement_mean": 0.026232671753120107,
    "threshold_improvement_std": 0.010216029905238455,
    "threshold_used_mean": 0.5,
    "threshold_used_std": 0.0
}