{
    "roc_auc": 0.09248445037206926,
    "pr_ap": 0.24059667448473257,
    "optimal_threshold": 0.7659414788737001,
    "optimal_f1": 0.5513608388509861,
    "accuracy": 0.3806060606060606,
    "precision": 0.3806060606060606,
    "recall": 1.0,
    "f1": 0.5513608428446005,
    "balanced_accuracy": 0.5,
    "mcc": 0.0
}