{
    "r2": 0.6634624261369235,
    "mse": 0.03379634136375956,
    "rmse": 0.18383781266039792,
    "mae": 0.1373571128394352,
    "best_inner_cv_score": -0.026956902390141674,
    "scoring_metric_used": "neg_mean_squared_error"
}