{
    "accuracy": 0.7493333333333333,
    "precision": 0.38461538461538464,
    "recall": 0.5244755244755245,
    "f1": 0.4437869822485207,
    "roc_auc": 0.8327208211886961,
    "pr_auc": 0.5791139325269652,
    "balanced_accuracy": 0.6633909747583553,
    "mcc": 0.2926554568586068,
    "best_inner_cv_pr_auc": 0.9210620637109935
}