MSE,RMSE,MAE,R2,model,training_time
0.011572217725356649,0.10757424285281607,0.06531754450427404,0.7793598336545419,RandomForest,238.1814522743225
