{
    "r2": 0.3269410412226783,
    "mse": 0.03929334745830459,
    "rmse": 0.19822549648898496,
    "mae": 0.11270539151713815,
    "best_inner_cv_score": -0.025044167777475885,
    "scoring_metric_used": "neg_mean_squared_error"
}