{
    "accuracy": 0.828,
    "precision": 0.5583333333333333,
    "recall": 0.46853146853146854,
    "f1": 0.5095057034220533,
    "roc_auc": 0.8964412852386494,
    "pr_auc": 0.712257460131941,
    "balanced_accuracy": 0.6906084031289963,
    "mcc": 0.4084825467423077,
    "best_inner_cv_pr_auc": 0.9424559647999547
}