{
    "accuracy": 0.88125,
    "precision": 0.8492569002123143,
    "recall": 0.9433962264150944,
    "f1": 0.8938547486033519,
    "roc_auc": 0.956474558410277,
    "pr_auc": 0.9661674585759998,
    "balanced_accuracy": 0.8772832195905259,
    "mcc": 0.7653603039341295,
    "best_inner_cv_pr_auc": 0.9574655879703236
}