{
    "accuracy": 0.932,
    "precision": 0.39473684210526316,
    "recall": 0.3488372093023256,
    "f1": 0.37037037037037035,
    "roc_auc": 0.8998223742640046,
    "pr_auc": 0.2990208898964848,
    "balanced_accuracy": 0.6581526923456466,
    "mcc": 0.33528855168565613,
    "best_inner_cv_pr_auc": 0.5174439198692594
}