{
    "roc_auc": 0.9558723196881092,
    "pr_ap": 0.9373002974225074,
    "optimal_threshold": 0.3869000639178392,
    "optimal_f1": 0.8597785927993219,
    "accuracy": 0.9078787878787878,
    "precision": 0.9066147859922179,
    "recall": 0.8175438596491228,
    "f1": 0.8597785977859779,
    "balanced_accuracy": 0.8865497076023392,
    "mcc": 0.7938051737301275
}