{
    "accuracy": 0.8228571428571428,
    "precision": 1.0,
    "recall": 0.7737226277372263,
    "f1": 0.8724279835390947,
    "roc_auc": 0.8467153284671532,
    "pr_auc": 0.9620435887814999,
    "balanced_accuracy": 0.8868613138686132,
    "mcc": 0.6527695717680922,
    "best_inner_cv_pr_auc": 0.9303216133363627
}