accuracy,precision,recall,f1,roc_auc,pr_auc,mcc,log_loss
0.8771645021645021,0.9513742071881607,0.6880733944954128,0.7985803016858918,0.9421457440105729,0.9194318983451355,0.7328450255360791,0.386274294391751
