{
    "accuracy_mean": 0.8840315315315315,
    "accuracy_std": 0.02569819819819824,
    "precision_mean": 0.8240430783796577,
    "precision_std": 0.041785013863528786,
    "recall_mean": 0.8109396415899164,
    "recall_std": 0.12716480715283024,
    "f1_mean": 0.8086147797936208,
    "f1_std": 0.04450747174551728,
    "roc_auc_mean": 0.9403314114488173,
    "roc_auc_std": 0.01840899899228443,
    "pr_auc_mean": 0.9011987908553369,
    "pr_auc_std": 0.020588361957865564,
    "balanced_accuracy_mean": 0.8667730646661267,
    "balanced_accuracy_std": 0.05164150029039294,
    "mcc_mean": 0.7349184589200014,
    "mcc_std": 0.060597204747929956,
    "best_inner_cv_roc_auc_mean": 0.9374143015122154,
    "best_inner_cv_roc_auc_std": 0.01965022995256782
}