{
    "r2": 0.16430865438417364,
    "mse": 0.08963293671273317,
    "rmse": 0.29938760280401255,
    "mae": 0.1770132185594672,
    "best_inner_cv_score": -95576.99410395233,
    "scoring_metric_used": "neg_mean_squared_error"
}