{
    "accuracy": 0.91,
    "precision": 0.3125,
    "recall": 0.23809523809523808,
    "f1": 0.2702702702702703,
    "roc_auc": 0.5084485407066052,
    "pr_auc": 0.15162655281459028,
    "balanced_accuracy": 0.5993343573988735,
    "mcc": 0.22559115612922118,
    "best_inner_cv_pr_auc": 0.9691102847266725
}