{
    "accuracy": 0.7506666666666667,
    "precision": 0.3817204301075269,
    "recall": 0.4965034965034965,
    "f1": 0.4316109422492401,
    "roc_auc": 0.8267301067960047,
    "pr_auc": 0.5889339861600194,
    "balanced_accuracy": 0.6535235769173167,
    "mcc": 0.27930030903112557,
    "best_inner_cv_pr_auc": 0.9527158355729003
}