{
    "r2": 0.6595119704407714,
    "mse": 0.034193060659370465,
    "rmse": 0.1849136573089464,
    "mae": 0.10984954839831773,
    "best_inner_cv_score": -0.019601232565077897,
    "scoring_metric_used": "neg_mean_squared_error"
}