{
    "r2": 0.738313069543121,
    "mse": 0.030813144429047312,
    "rmse": 0.17553673242101583,
    "mae": 0.12062228225850244,
    "best_inner_cv_score": -0.02687923191917702,
    "scoring_metric_used": "neg_mean_squared_error"
}