{
    "best_params": {
        "subsample": 1.0,
        "reg_lambda": 1,
        "reg_alpha": 0,
        "num_leaves": 31,
        "n_estimators": 100,
        "max_depth": 10,
        "learning_rate": 0.01,
        "colsample_bytree": 0.6,
        "class_weight": "balanced"
    },
    "pr_auc": 0.4006101385456538,
    "roc_auc": 0.8363260689604087,
    "f1": 0.35798054055893774,
    "balanced_acc": 0.755726522575301
}