{
    "accuracy": 0.8731642189586115,
    "precision": 0.3448275862068966,
    "recall": 1.0,
    "f1": 0.5128205128205128,
    "roc_auc": 0.952474964234621,
    "pr_auc": 0.4393329857293292,
    "balanced_accuracy": 0.9320457796852646,
    "mcc": 0.5458595118521733,
    "best_inner_cv_pr_auc": 0.4006101385456538
}