{
    "r2": 0.7482573782563778,
    "mse": 0.027000914393837283,
    "rmse": 0.16431954963983222,
    "mae": 0.10163939515291992,
    "best_inner_cv_score": -0.028734177202319328,
    "scoring_metric_used": "neg_mean_squared_error"
}