{
    "r2": 0.9635548764520114,
    "mse": 0.004173024452935319,
    "rmse": 0.06459895086559315,
    "mae": 0.05015927033591676,
    "best_inner_cv_score": -0.05117207425166554,
    "scoring_metric_used": "neg_mean_squared_error"
}