{
    "r2": 0.07880167561674867,
    "mse": 0.05377978461761278,
    "rmse": 0.23190468864948113,
    "mae": 0.16756642115912412,
    "best_inner_cv_score": -1301145.1050755798,
    "scoring_metric_used": "neg_mean_squared_error"
}