{
    "r2": 0.6030422008143059,
    "mse": 0.025627519004850614,
    "rmse": 0.16008597379174297,
    "mae": 0.10048726849542634,
    "best_inner_cv_score": -0.025777598653567536,
    "scoring_metric_used": "neg_mean_squared_error"
}