{
    "accuracy": 0.9141630901287554,
    "precision": 1.0,
    "recall": 0.7931034482758621,
    "f1": 0.8846153846153846,
    "roc_auc": 0.9738976477531406,
    "pr_auc": 0.9743765597319637,
    "balanced_accuracy": 0.896551724137931,
    "mcc": 0.8316491571357867,
    "best_inner_cv_roc_auc": 0.9026648139114881
}