{
    "accuracy": 0.89875,
    "precision": 0.8275862068965517,
    "recall": 0.7384615384615385,
    "f1": 0.7804878048780488,
    "roc_auc": 0.9647552447552448,
    "pr_auc": 0.9059955314227038,
    "balanced_accuracy": 0.8444373808010173,
    "mcc": 0.7169245889560755,
    "best_inner_cv_pr_auc": 0.9670421741868521
}