{
    "r2": 0.5615812225465712,
    "mse": 0.025594995995621452,
    "rmse": 0.15998436172208036,
    "mae": 0.10118361954991345,
    "best_inner_cv_score": -0.021893459152774904,
    "scoring_metric_used": "neg_mean_squared_error"
}