{
    "r2": -5796.008021867944,
    "mse": 534.7969787004243,
    "rmse": 23.1256779079106,
    "mae": 21.333928326937702
}