{
    "roc_auc": 0.9115369514004014,
    "pr_ap": 0.8864207845072546,
    "optimal_threshold": 0.1481141955284488,
    "optimal_f1": 0.8356589097321556,
    "accuracy": 0.8715151515151515,
    "precision": 0.8141993957703928,
    "recall": 0.85828025477707,
    "f1": 0.8356589147286821,
    "balanced_accuracy": 0.8689640021439167,
    "mcc": 0.7309906042979573
}