{
    "roc_auc": 0.950043314594837,
    "pr_ap": 0.9426300138111744,
    "optimal_threshold": 0.0159346948424347,
    "optimal_f1": 0.8670338266293353,
    "accuracy": 0.8975757575757576,
    "precision": 0.8569206842923794,
    "recall": 0.8773885350318471,
    "f1": 0.8670338316286389,
    "balanced_accuracy": 0.8936844827801114,
    "mcc": 0.7839048310798251
}