{
    "roc_auc": {
        "nested_cv_mean": 0.9208258578852906,
        "nested_cv_std": 0.05283171578505637,
        "nested_cv_95ci": [
            0.8172756949465801,
            1.0243760208240011
        ],
        "test_performance": 0.952000593230923,
        "within_confidence_interval": 