{
    "r2": 0.19724476854676365,
    "mse": 0.04686504773781573,
    "rmse": 0.21648336596102652,
    "mae": 0.11743338606009096,
    "best_inner_cv_score": -0.025813716099832847,
    "scoring_metric_used": "neg_mean_squared_error"
}