{
    "accuracy_mean": 0.9071362889983579,
    "accuracy_std": 0.05447623224970019,
    "precision_mean": 0.6903713546030771,
    "precision_std": 0.3680509457889154,
    "recall_mean": 0.7253685296151619,
    "recall_std": 0.3697816237148888,
    "f1_mean": 0.69941917999456,
    "f1_std": 0.356898260966462,
    "roc_auc_mean": 0.8282514210842518,
    "roc_auc_std": 0.21049783041659056,
    "pr_auc_mean": 0.7668654399455619,
    "pr_auc_std": 0.28016531928318583,
    "balanced_accuracy_mean": 0.8383660803883934,
    "balanced_accuracy_std": 0.17287387628632905,
    "mcc_mean": 0.6295051438249166,
    "mcc_std": 0.33368840622866364,
    "best_inner_cv_pr_auc_mean": 0.9563552721334393,
    "best_inner_cv_pr_auc_std": 0.01745177127730213,
    "default_threshold_mean": 0.5,
    "default_threshold_std": 0.0,
    "optimal_threshold_mean": 0.450644645677973,
    "optimal_threshold_std": 0.2839861501061866,
    "optimal_f1_mean": 0.8051472335859196,
    "optimal_f1_std": 0.2219273152806497,
    "threshold_improvement_mean": 0.10572805359135944,
    "threshold_improvement_std": 0.14335406214740498
}