{
    "accuracy_mean": 0.8524069823188191,
    "accuracy_std": 0.08358272745749913,
    "precision_mean": 0.8398167898972716,
    "precision_std": 0.1852344554667981,
    "recall_mean": 0.611252410164598,
    "recall_std": 0.222324158526995,
    "f1_mean": 0.686254359992175,
    "f1_std": 0.19469866373098707,
    "roc_auc_mean": 0.935954172066416,
    "roc_auc_std": 0.04984725369057706,
    "pr_auc_mean": 0.8799516777749441,
    "pr_auc_std": 0.11570133521513666,
    "balanced_accuracy_mean": 0.7865386522584767,
    "balanced_accuracy_std": 0.119518757822104,
    "mcc_mean": 0.6258479179041174,
    "mcc_std": 0.21301965823579733,
    "best_inner_cv_pr_auc_mean": 0.9218897839739981,
    "best_inner_cv_pr_auc_std": 0.019138999424779448,
    "default_threshold_mean": 0.5,
    "default_threshold_std": 0.0,
    "optimal_threshold_mean": 0.3359988063963278,
    "optimal_threshold_std": 0.18594825580365812,
    "optimal_f1_mean": 0.8238699505447105,
    "optimal_f1_std": 0.13288837983930943,
    "threshold_improvement_mean": 0.13761559055253542,
    "threshold_improvement_std": 0.15364024282457367
}