{
    "best_params": {
        "subsample": 0.8,
        "scale_pos_weight": 5,
        "n_estimators": 300,
        "max_depth": 7,
        "learning_rate": 0.1,
        "gamma": 0.5,
        "colsample_bytree": 0.6
    },
    "pr_auc": 0.9126216555875176,
    "roc_auc": 0.9481191457120093,
    "f1": 0.7759427829716058,
    "balanced_acc": 0.8337669251152039
}