{
    "accuracy": 0.927038626609442,
    "precision": 0.928030303030303,
    "recall": 0.8844765342960289,
    "f1": 0.9057301293900185,
    "roc_auc": 0.9527777302513388,
    "pr_auc": 0.9573422634502818,
    "balanced_accuracy": 0.9197264188067822,
    "mcc": 0.8469266903622866,
    "best_inner_cv_pr_auc": 0.9126216555875176
}