{
    "r2": 0.5901412185219536,
    "mse": 0.0413737512436139,
    "rmse": 0.20340538646656803,
    "mae": 0.15150881274285746,
    "best_inner_cv_score": -0.029176185685279313,
    "scoring_metric_used": "neg_mean_squared_error"
}