Metric,Pearson_r,Pearson_p,Spearman_r,Spearman_p,Kendall_tau,Kendall_p,RMSE,R2,Sample_size
mpdockq_AH,0.020686606504416935,0.2083821420879633,0.43253806958451846,1.4148894745505297e-168,0.29440331286203847,8.648476721846852e-159,0.33169963614857734,-0.004179484280775192,3700
mpdockq_AL,0.05780282241150791,0.00043520300651550363,0.21465196316022883,8.039263271866109e-40,0.14318724135092328,5.742968434501594e-39,0.3311265868522122,-0.0007128101511382212,3700
mpdockq_HL,0.029285679542275393,0.0748865711511502,0.5767294334894346,0.0,0.393721871853347,2.4078650464983552e-282,0.3316223835854584,-0.0037117936540027596,3700
