Metric,Pearson_r,Pearson_p,Spearman_r,Spearman_p,Kendall_tau,Kendall_p,RMSE,R2,Sample_size
pdockq_AH,0.648991263975488,0.0,0.43253800109305945,1.4150803917447641e-168,0.294403145219618,8.651576676401037e-159,0.2934800948869274,0.21389844434057204,3700
pdockq_AL,0.3330008047358193,1.635592103126279e-96,0.21465182841552632,8.040169707733673e-40,0.14318675061573075,5.745985208460278e-39,0.3534410808435152,-0.1401327145698117,3700
pdockq_HL,0.6205573026170944,0.0,0.5767294334894346,0.0,0.393721871853347,2.4078650464983552e-282,0.3417875693664653,-0.06618822365615684,3700
