Metric,Pearson_r,Pearson_p,Spearman_r,Spearman_p,Kendall_tau,Kendall_p,RMSE,R2,Sample_size
pdockq2_AH,0.8399381566377689,0.0,0.7448411070824117,0.0,0.5651533188830291,0.0,0.19441491063531008,0.6550306628691951,3700
pdockq2_AL,0.7826746353510485,0.0,0.7159976096514122,0.0,0.533249789764243,0.0,0.22653513669535202,0.5316263011919986,3700
pdockq2_HL,0.7166278665135104,0.0,0.5429231176562804,8.945997909780683e-283,0.37132581541855064,2.249002520911065e-251,0.3368616900070561,-0.035677640758769114,3700
