{
    "r2": 0.7462055013100506,
    "mse": 0.016384923918475857,
    "rmse": 0.1280036090056677,
    "mae": 0.08810723945089619,
    "best_inner_cv_score": -0.022075210435834852,
    "scoring_metric_used": "neg_mean_squared_error"
}