{
    "r2": 0.5428082997704278,
    "mse": 0.04217774739095491,
    "rmse": 0.20537221669679398,
    "mae": 0.1850696489379617
}