{
    "colsample_bytree": 0.9290148971692676,
    "learning_rate": 0.19995998265838483,
    "max_depth": 30,
    "min_child_samples": 14,
    "n_estimators": 914,
    "num_leaves": 44,
    "reg_alpha": 0.4182430362906189,
    "reg_lambda": 0.9327284833540133,
    "subsample": 0.9464255558001633
}