{
    "r2": 0.7087428367126094,
    "mse": 0.03474656397609838,
    "rmse": 0.18640430246133907,
    "mae": 0.12073111857898189,
    "best_inner_cv_score": -0.023235473259121744,
    "scoring_metric_used": "neg_mean_squared_error"
}