{
    "roc_auc": 0.9856708901884339,
    "pr_ap": 0.9784282293575484,
    "optimal_threshold": 0.0129565276330232,
    "optimal_f1": 0.9404553365061451,
    "accuracy": 0.9587878787878787,
    "precision": 0.9388111888111889,
    "recall": 0.9421052631578948,
    "f1": 0.9404553415061296,
    "balanced_accuracy": 0.9548489278752437,
    "mcc": 0.9089480908570753
}