{
    "roc_auc": 0.9838961988304094,
    "pr_ap": 0.9728026103815535,
    "optimal_threshold": 0.65,
    "optimal_f1": 0.9120409856098237,
    "accuracy": 0.9375757575757576,
    "precision": 0.8885191347753744,
    "recall": 0.9368421052631579,
    "f1": 0.9120409906063194,
    "balanced_accuracy": 0.9374025341130605,
    "mcc": 0.8644415153139517
}