{
    "roc_auc": 0.24625048300447477,
    "pr_ap": 0.2724044147360629,
    "optimal_threshold": 1.9592577030812324,
    "optimal_f1": 0.5513608388509861,
    "accuracy": 0.3806060606060606,
    "precision": 0.3806060606060606,
    "recall": 1.0,
    "f1": 0.5513608428446005,
    "balanced_accuracy": 0.5,
    "mcc": 0.0
}