{
    "r2": 0.21604421345174918,
    "mse": 0.04576753152316381,
    "rmse": 0.21393347452692815,
    "mae": 0.11809843844994654,
    "best_inner_cv_score": -0.025429074814385607,
    "scoring_metric_used": "neg_mean_squared_error"
}