{
    "accuracy": 0.8146666666666667,
    "precision": 0.6835443037974683,
    "recall": 0.5482233502538071,
    "f1": 0.6084507042253521,
    "roc_auc": 0.9166245949642466,
    "pr_auc": 0.8380834212110235,
    "balanced_accuracy": 0.7289037185265419,
    "mcc": 0.49407072935067786,
    "best_inner_cv_pr_auc": 0.950601936569006
}