{
    "colsample_bytree": 0.7115485410368727,
    "learning_rate": 0.15007156599455426,
    "max_depth": 30,
    "min_child_samples": 12,
    "n_estimators": 503,
    "num_leaves": 43,
    "reg_alpha": 0.4045081271221901,
    "reg_lambda": 0.8877700987609598,
    "subsample": 0.9403713795070051
}