{
    "r2": 0.7885767161468857,
    "mse": 0.02489469447196165,
    "rmse": 0.15778052627609546,
    "mae": 0.09225601673997817,
    "best_inner_cv_score": -0.028152863824239174,
    "scoring_metric_used": "neg_mean_squared_error"
}