{
    "accuracy": 0.7610872675250357,
    "precision": 0.0,
    "recall": 0.0,
    "f1": 0.0,
    "roc_auc": 0.8139964264443121,
    "pr_auc": 0.31646049550179667,
    "balanced_accuracy": 0.4554794520547945,
    "mcc": -0.12580329845930716,
    "best_inner_cv_pr_auc": 0.4638057324467342
}