{
    "best_params": {
        "subsample": 1.0,
        "reg_lambda": 0.1,
        "reg_alpha": 0.5,
        "num_leaves": 40,
        "n_estimators": 500,
        "max_depth": -1,
        "learning_rate": 0.1,
        "colsample_bytree": 0.8,
        "class_weight": "balanced"
    },
    "pr_auc": 0.9070235249475275,
    "roc_auc": 0.9471841153158255,
    "f1": 0.7612214017858436,
    "balanced_acc": 0.824809110236378
}