{
    "accuracy": 0.9184549356223176,
    "precision": 0.9230769230769231,
    "recall": 0.8664259927797834,
    "f1": 0.8938547486033519,
    "roc_auc": 0.9520249114582443,
    "pr_auc": 0.9562255234110717,
    "balanced_accuracy": 0.9095163139254367,
    "mcc": 0.8288546514369778,
    "best_inner_cv_pr_auc": 0.9070235249475275
}