{
    "r2": 0.6897664239995445,
    "mse": 0.037010422934721635,
    "rmse": 0.19238093183764765,
    "mae": 0.12835271291747014,
    "best_inner_cv_score": -0.02136921422323355,
    "scoring_metric_used": "neg_mean_squared_error"
}