MSE,RMSE,MAE,R2
0.01279785057993987,0.11312758540665432,0.07250390297181555,0.8167414155700541
