{
    "r2": 0.9755570536982819,
    "mse": 0.002798756121228291,
    "rmse": 0.05290327136603455,
    "mae": 0.0373554540757004,
    "best_inner_cv_score": -0.050642543500999754,
    "scoring_metric_used": "neg_mean_squared_error"
}