{
    "r2_mean": 0.6529217868065365,
    "r2_std": 0.054092516034792315,
    "mse_mean": 0.03219014448272155,
    "mse_std": 0.00809689614253335,
    "rmse_mean": 0.17796815929448853,
    "rmse_std": 0.02274815948715636,
    "mae_mean": 0.13272104515294708,
    "mae_std": 0.02160712482450139,
    "best_inner_cv_score_mean": -0.025494995533256144,
    "best_inner_cv_score_std": 0.00225730514340846,
    "scoring_metric_used_mean": "N/A",
    "scoring_metric_used_std": "N/A"
}