{
    "r2": 0.5720975972079281,
    "mse": 0.0351879254032299,
    "rmse": 0.18758444872438093,
    "mae": 0.13946938742264442,
    "best_inner_cv_score": -74275.40198120697,
    "scoring_metric_used": "neg_mean_squared_error"
}