{
    "roc_auc": 0.730153717018246,
    "pr_ap": 0.37317035856423264,
    "optimal_threshold": 0.2735879921598889,
    "optimal_f1": 0.5141612152401023,
    "accuracy": 0.7296969696969697,
    "precision": 0.4290909090909091,
    "recall": 0.6413043478260869,
    "f1": 0.514161220043573,
    "balanced_accuracy": 0.6981872753170997,
    "mcc": 0.3500225281264411
}