{
    "accuracy_mean": 0.8596929238985315,
    "accuracy_std": 0.06816285094715273,
    "precision_mean": 0.7952875879418896,
    "precision_std": 0.15572855336497313,
    "recall_mean": 0.767263334694739,
    "recall_std": 0.17084335190141034,
    "f1_mean": 0.7576138107494756,
    "f1_std": 0.12349739680682156,
    "roc_auc_mean": 0.9355326908476844,
    "roc_auc_std": 0.04831250831370361,
    "pr_auc_mean": 0.8956788530118439,
    "pr_auc_std": 0.06442198776968594,
    "balanced_accuracy_mean": 0.8271881898691655,
    "balanced_accuracy_std": 0.07460784893579438,
    "mcc_mean": 0.6771961803794526,
    "mcc_std": 0.14273245932178893,
    "best_inner_cv_roc_auc_mean": 0.9236327578138204,
    "best_inner_cv_roc_auc_std": 0.020010584026115608
}