MSE,RMSE,MAE,R2
0.049367587113114064,0.2221881795080784,0.1384557939229698,0.16969939596257333
