{
    "roc_auc": 0.8901120446991793,
    "pr_ap": 0.5713674870624724,
    "optimal_threshold": 0.8,
    "optimal_f1": 0.7307206018509752,
    "accuracy": 0.8709090909090909,
    "precision": 0.6832151300236406,
    "recall": 0.7853260869565217,
    "f1": 0.7307206068268015,
    "balanced_accuracy": 0.8404009529946415,
    "mcc": 0.6490769994151296
}