{
    "r2_mean": 0.74186177312603,
    "r2_std": 0.002293784861153947,
    "mse_mean": 0.02359626629910988,
    "mse_std": 0.0025572745065058286,
    "rmse_mean": 0.15338440174521628,
    "rmse_std": 0.008336162208832903,
    "mae_mean": 0.09340621942427323,
    "mae_std": 0.001560817544499396,
    "best_inner_cv_score_mean": -0.02482827118454676,
    "best_inner_cv_score_std": 0.004001652524007167,
    "scoring_metric_used_mean": "N/A",
    "scoring_metric_used_std": "N/A"
}