{
    "roc_auc": {
        "nested_cv_mean": 0.9226904631514925,
        "nested_cv_std": 0.05025090555002725,
        "nested_cv_95ci": [
            0.8241986882734391,
            1.0211822380295459
        ],
        "test_performance": 0.9662420382165605,
        "within_confidence_interval": 