{
    "r2": 0.8658634637850926,
    "mse": 0.014386952460966525,
    "rmse": 0.11994562293375496,
    "mae": 0.07532352654164896,
    "best_inner_cv_score": -0.0289689224182572,
    "scoring_metric_used": "neg_mean_squared_error"
}