{
    "roc_auc": 0.8986298582378077,
    "pr_ap": 0.7215542069030514,
    "optimal_threshold": 91.45594266813671,
    "optimal_f1": 0.7410161040845515,
    "accuracy": 0.8733333333333333,
    "precision": 0.6810933940774487,
    "recall": 0.8125,
    "f1": 0.7410161090458488,
    "balanced_accuracy": 0.8516478159126365,
    "mcc": 0.662523839812773
}