{
    "r2": 0.713360134272957,
    "mse": 0.018505414483697493,
    "rmse": 0.13603460766914238,
    "mae": 0.09339632763742534,
    "best_inner_cv_score": -0.02388826198365973,
    "scoring_metric_used": "neg_mean_squared_error"
}