{
    "r2": 0.7997825331066594,
    "mse": 0.02357523057736004,
    "rmse": 0.15354227618919827,
    "mae": 0.10328258229933711,
    "best_inner_cv_score": -285341.3059314842,
    "scoring_metric_used": "neg_mean_squared_error"
}