{
    "roc_auc": 0.9217681936322288,
    "pr_ap": 0.9097481253708286,
    "optimal_threshold": 90.77857142857144,
    "optimal_f1": 0.8520357448389576,
    "accuracy": 0.9096969696969697,
    "precision": 0.9816933638443935,
    "recall": 0.7526315789473684,
    "f1": 0.8520357497517378,
    "balanced_accuracy": 0.8726120857699805,
    "mcc": 0.8030916668952721
}