{
    "best_params": {
        "model__solver": "saga",
        "model__penalty": "l2",
        "model__max_iter": 1000,
        "model__class_weight": "balanced",
        "model__C": 0.0001
    },
    "pr_auc": 0.6412115589338079,
    "roc_auc": 0.9569277831085238,
    "f1": 0.5527512944063336,
    "balanced_acc": 0.9047156344586748
}