{
    "accuracy": 0.8053333333333333,
    "precision": 0.2275132275132275,
    "recall": 1.0,
    "f1": 0.3706896551724138,
    "roc_auc": 0.852570639123713,
    "pr_auc": 0.158717452901566,
    "balanced_accuracy": 0.8967468175388967,
    "mcc": 0.42488857118984963,
    "best_inner_cv_pr_auc": 0.6412115589338079
}