{
    "r2": 0.7441555579871838,
    "mse": 0.021038991792604055,
    "rmse": 0.1450482395363834,
    "mae": 0.09184540187977383,
    "best_inner_cv_score": -0.028829923708553924,
    "scoring_metric_used": "neg_mean_squared_error"
}