{
    "r2_mean": 0.6100678018015546,
    "r2_std": 0.23813221809104237,
    "mse_mean": 0.030695132220724487,
    "mse_std": 0.013869000185005531,
    "rmse_mean": 0.17072738803743712,
    "rmse_std": 0.039335622464108225,
    "mae_mean": 0.1006013056449238,
    "mae_std": 0.019425333930308427,
    "best_inner_cv_score_mean": -0.02260263726438757,
    "best_inner_cv_score_std": 0.0037376030412215743,
    "scoring_metric_used": "neg_mean_squared_error"
}