{
    "roc_auc": 0.7923824018178118,
    "pr_ap": 0.5240073252830012,
    "optimal_threshold": 0.9,
    "optimal_f1": 0.6260162551626384,
    "accuracy": 0.8327272727272728,
    "precision": 0.6243243243243243,
    "recall": 0.6277173913043478,
    "f1": 0.6260162601626016,
    "balanced_accuracy": 0.7596465271654345,
    "mcc": 0.5182920996408141
}