{
    "r2": 0.5378038932465391,
    "mse": 0.05657398590994118,
    "rmse": 0.23785286609570458,
    "mae": 0.16852105685480537,
    "best_inner_cv_score": -0.02790906892974539,
    "scoring_metric_used": "neg_mean_squared_error"
}