{
    "roc_auc": 0.8703195308312663,
    "pr_ap": 0.8721755124545353,
    "optimal_threshold": 0.6367935460994009,
    "optimal_f1": 0.7932862141412679,
    "accuracy": 0.8581818181818182,
    "precision": 0.8908730158730159,
    "recall": 0.714968152866242,
    "f1": 0.7932862190812721,
    "balanced_accuracy": 0.830576052949755,
    "mcc": 0.6969459172590742
}