{
    "r2": 0.551504272667301,
    "mse": 0.06240844583863266,
    "rmse": 0.2498168245707896,
    "mae": 0.22189092665269783
}