{
    "accuracy_mean": 0.8636838940236959,
    "accuracy_std": 0.07113797763933424,
    "precision_mean": 0.7650278985514701,
    "precision_std": 0.2295067393679026,
    "recall_mean": 0.7196651899654022,
    "recall_std": 0.17295712465971239,
    "f1_mean": 0.7345589422429311,
    "f1_std": 0.1894373792397089,
    "roc_auc_mean": 0.9298613332764397,
    "roc_auc_std": 0.05597738176040908,
    "pr_auc_mean": 0.8643369509596559,
    "pr_auc_std": 0.14558402377784693,
    "balanced_accuracy_mean": 0.8207669054670129,
    "balanced_accuracy_std": 0.11145900142227413,
    "mcc_mean": 0.6493833073253155,
    "mcc_std": 0.23155471519722726,
    "best_inner_cv_pr_auc_mean": 0.8917836608886791,
    "best_inner_cv_pr_auc_std": 0.034952324542696284,
    "default_threshold_mean": 0.5,
    "default_threshold_std": 0.0,
    "optimal_threshold_mean": 0.3680308031843193,
    "optimal_threshold_std": 0.20729488254395836,
    "optimal_f1_mean": 0.8272229687622529,
    "optimal_f1_std": 0.15026632559290434,
    "threshold_improvement_mean": 0.09266402651932173,
    "threshold_improvement_std": 0.06824497722557737,
    "threshold_used_mean": 0.5,
    "threshold_used_std": 0.0
}