{
    "r2": 0.9602831067454057,
    "mse": 0.00454764727379257,
    "rmse": 0.06743624599421716,
    "mae": 0.0501069249781397,
    "best_inner_cv_score": -0.05493246584269642,
    "scoring_metric_used": "neg_mean_squared_error"
}