{
    "accuracy": 0.9213161659513591,
    "precision": 0.9302325581395349,
    "recall": 0.8664259927797834,
    "f1": 0.897196261682243,
    "roc_auc": 0.9347100792170685,
    "pr_auc": 0.9446261321079881,
    "balanced_accuracy": 0.9118859821718822,
    "mcc": 0.8349759560073117,
    "best_inner_cv_roc_auc": 0.9474400058834395
}