accuracy,precision,recall,f1,roc_auc,pr_auc,mcc,log_loss
0.8621456364647027,0.6786296900489397,0.8907922912205567,0.7703703703703704,0.941261389869527,0.8893409561886794,0.6871713615931395,0.4081014316204679
