MSE,RMSE,MAE,R2
0.05215019819083601,0.22836417886970803,0.13882202812342717,0.1228993841787277
