{
    "accuracy": 0.8304405874499332,
    "precision": 0.8888888888888888,
    "recall": 0.4549763033175355,
    "f1": 0.6018808777429467,
    "roc_auc": 0.8986592434679963,
    "pr_auc": 0.8277441636941465,
    "balanced_accuracy": 0.7163357353018904,
    "mcc": 0.5540509867854455,
    "best_inner_cv_roc_auc": 0.9460298401688424
}