{
    "accuracy": 0.9100630655333151,
    "precision": 0.8921859545004945,
    "recall": 0.8046387154326494,
    "f1": 0.8461538461538461,
    "roc_auc": 0.9599215438652996,
    "pr_auc": 0.9407598599370491,
    "balanced_accuracy": 0.8807437440979557,
    "mcc": 0.784935498898743
}