{
    "accuracy_mean": 0.8833082958489239,
    "accuracy_std": 0.05224740307586705,
    "precision_mean": 0.8079971264312691,
    "precision_std": 0.1596052940198215,
    "recall_mean": 0.7173441523574231,
    "recall_std": 0.17847887805232857,
    "f1_mean": 0.7584670930926237,
    "f1_std": 0.16803141960722373,
    "roc_auc_mean": 0.937116340156372,
    "roc_auc_std": 0.047856311740031195,
    "pr_auc_mean": 0.8807991566259954,
    "pr_auc_std": 0.11212761898593572,
    "balanced_accuracy_mean": 0.8310833765595648,
    "balanced_accuracy_std": 0.10192501631660582,
    "mcc_mean": 0.6826495999512272,
    "mcc_std": 0.19322352353820213,
    "best_inner_cv_pr_auc_mean": 0.9515389439389335,
    "best_inner_cv_pr_auc_std": 0.008497619605533335,
    "default_threshold_mean": 0.5,
    "default_threshold_std": 0.0,
    "optimal_threshold_mean": 0.38408919105828315,
    "optimal_threshold_std": 0.19069429692592293,
    "optimal_f1_mean": 0.828998548091836,
    "optimal_f1_std": 0.12025629649756624,
    "threshold_improvement_mean": 0.07053145499921243,
    "threshold_improvement_std": 0.05133448625739503,
    "threshold_used_mean": 0.5,
    "threshold_used_std": 0.0
}