{
    "roc_auc": {
        "nested_cv_mean": 0.937116340156372,
        "nested_cv_std": 0.047856311740031195,
        "nested_cv_95ci": [
            0.8433179691459108,
            1.030914711166833
        ],
        "test_performance": 0.9620347820656924,
        "within_confidence_interval": 