{
    "r2": 0.81129163742257,
    "mse": 0.02024010995064439,
    "rmse": 0.14226774037231488,
    "mae": 0.1016594955477196,
    "best_inner_cv_score": -0.027720359548790083,
    "scoring_metric_used": "neg_mean_squared_error"
}