{
    "r2": -16349.744877102718,
    "mse": 1508.4210556186756,
    "rmse": 38.83839666642633,
    "mae": 32.118751650233776
}