{
    "accuracy": 0.9184549356223176,
    "precision": 0.9641434262948207,
    "recall": 0.8344827586206897,
    "f1": 0.8946395563770795,
    "roc_auc": 0.964159851614535,
    "pr_auc": 0.9614186736997152,
    "balanced_accuracy": 0.9062389343225697,
    "mcc": 0.8344423262588366,
    "best_inner_cv_roc_auc": 0.8991231980040513
}