{
    "accuracy": 0.9012875536480687,
    "precision": 0.9623430962343096,
    "recall": 0.7931034482758621,
    "f1": 0.8695652173913043,
    "roc_auc": 0.9619635781131439,
    "pr_auc": 0.9595575624480891,
    "balanced_accuracy": 0.885549279150156,
    "mcc": 0.8009265267643185,
    "best_inner_cv_pr_auc": 0.833633828425938
}