{
    "r2": 0.07844007559490274,
    "mse": 0.053800894915773174,
    "rmse": 0.23195019921477364,
    "mae": 0.16764475231253606,
    "best_inner_cv_score": -1326284.2578143151,
    "scoring_metric_used": "neg_mean_squared_error"
}