{
    "accuracy": 0.9928469241773963,
    "precision": 0.96875,
    "recall": 1.0,
    "f1": 0.9841269841269841,
    "roc_auc": 0.9972367172675521,
    "pr_auc": 0.9888821561588812,
    "balanced_accuracy": 0.9954044117647058,
    "mcc": 0.9797173305571958,
    "best_inner_cv_pr_auc": 0.9373870984364124
}