{
    "r2": 0.826518957470098,
    "mse": 0.024510649371610498,
    "rmse": 0.1565587728989037,
    "mae": 0.10121428380991086,
    "best_inner_cv_score": -0.05822774247424559,
    "scoring_metric_used": "neg_mean_squared_error"
}