{
    "accuracy_mean": 0.8598086436660421,
    "accuracy_std": 0.062387806026690834,
    "precision_mean": 0.7452616483536534,
    "precision_std": 0.19693057994444252,
    "recall_mean": 0.7511990123481656,
    "recall_std": 0.1484810962003256,
    "f1_mean": 0.741406820243131,
    "f1_std": 0.16545057878705485,
    "roc_auc_mean": 0.9211454764386995,
    "roc_auc_std": 0.05546603581205768,
    "pr_auc_mean": 0.8296484809618496,
    "pr_auc_std": 0.17378842735853342,
    "balanced_accuracy_mean": 0.8269825902307778,
    "balanced_accuracy_std": 0.094186438600631,
    "mcc_mean": 0.6498914609200228,
    "mcc_std": 0.19659948244834535,
    "best_inner_cv_roc_auc_mean": 0.9372344887503068,
    "best_inner_cv_roc_auc_std": 0.020390944577965437
}