{
    "accuracy": 0.9570815450643777,
    "precision": 0.8823529411764706,
    "recall": 0.7317073170731707,
    "f1": 0.8,
    "roc_auc": 0.8714867375578133,
    "pr_auc": 0.7824591401520015,
    "balanced_accuracy": 0.8593706763647864,
    "mcc": 0.7804642327094123,
    "best_inner_cv_pr_auc": 0.9322349158193003
}