{
    "accuracy_mean": 0.8523875259525815,
    "accuracy_std": 0.08391994970955739,
    "precision_mean": 0.840559086816039,
    "precision_std": 0.1840940217899665,
    "recall_mean": 0.6119289899025495,
    "recall_std": 0.22235081469870666,
    "f1_mean": 0.6865627384995019,
    "f1_std": 0.19450927952081107,
    "roc_auc_mean": 0.9373235060989094,
    "roc_auc_std": 0.04837991775700272,
    "pr_auc_mean": 0.8816913644490594,
    "pr_auc_std": 0.11293813565008967,
    "balanced_accuracy_mean": 0.7868769421274526,
    "balanced_accuracy_std": 0.11932959336036439,
    "mcc_mean": 0.6264661427453819,
    "mcc_std": 0.21219326189941098,
    "best_inner_cv_pr_auc_mean": 0.9213399760000935,
    "best_inner_cv_pr_auc_std": 0.01925047721438052,
    "default_threshold_mean": 0.5,
    "default_threshold_std": 0.0,
    "optimal_threshold_mean": 0.33977766515355706,
    "optimal_threshold_std": 0.18814293078649022,
    "optimal_f1_mean": 0.83167251011744,
    "optimal_f1_std": 0.12169276470776388,
    "threshold_improvement_mean": 0.1451097716179382,
    "threshold_improvement_std": 0.15488144108590954
}