{
    "best_params": {
        "subsample": 0.8,
        "scale_pos_weight": 1,
        "n_estimators": 300,
        "max_depth": 3,
        "learning_rate": 0.2,
        "gamma": 0.1,
        "colsample_bytree": 0.6
    },
    "pr_auc": 0.8311008141326512,
    "roc_auc": 0.8982159381953733,
    "f1": 0.7236610043627588,
    "balanced_acc": 0.8109581485403426
}