{
    "accuracy": 0.9198855507868383,
    "precision": 0.968,
    "recall": 0.8344827586206897,
    "f1": 0.8962962962962963,
    "roc_auc": 0.9645982632155805,
    "pr_auc": 0.9644798552123107,
    "balanced_accuracy": 0.9074614282101003,
    "mcc": 0.8376912457551541,
    "best_inner_cv_pr_auc": 0.8311008141326512
}