{
    "accuracy_mean": 0.9447683834048641,
    "accuracy_std": 0.028781184944367207,
    "precision_mean": 0.8935947707087017,
    "precision_std": 0.08160469734741543,
    "recall_mean": 0.836305116114136,
    "recall_std": 0.12102709757437848,
    "f1_mean": 0.8537772677976199,
    "f1_std": 0.04273694780081462,
    "roc_auc_mean": 0.9820590939098357,
    "roc_auc_std": 0.014399618597450467,
    "pr_auc_mean": 0.9441683354572504,
    "pr_auc_std": 0.056596496343716156,
    "balanced_accuracy_mean": 0.8881839127438305,
    "balanced_accuracy_std": 0.035113747359967015,
    "mcc_mean": 0.8170791874807835,
    "mcc_std": 0.032464764532322866,
    "best_inner_cv_pr_auc_mean": 0.9736242881693894,
    "best_inner_cv_pr_auc_std": 0.0066975740069059615,
    "default_threshold_mean": 0.5,
    "default_threshold_std": 0.0,
    "optimal_threshold_mean": 0.6366674118062601,
    "optimal_threshold_std": 0.2216187521613959,
    "optimal_f1_mean": 0.9173630176534278,
    "optimal_f1_std": 0.0523624688690596,
    "threshold_improvement_mean": 0.06358574985580785,
    "threshold_improvement_std": 0.0409884343670234,
    "threshold_used_mean": 0.5,
    "threshold_used_std": 0.0
}