{
    "roc_auc": 0.8370264701892424,
    "pr_ap": 0.5999372098302531,
    "optimal_threshold": 85.75781144781145,
    "optimal_f1": 0.6850574663829833,
    "accuracy": 0.833939393939394,
    "precision": 0.5936254980079682,
    "recall": 0.8097826086956522,
    "f1": 0.6850574712643678,
    "balanced_accuracy": 0.8253281218205251,
    "mcc": 0.5887036397592486
}