{
    "r2": 0.8784601273004771,
    "mse": 0.01303588433086159,
    "rmse": 0.11417479726656662,
    "mae": 0.07491518088359891,
    "best_inner_cv_score": -0.026556023625921767,
    "scoring_metric_used": "neg_mean_squared_error"
}