{
    "accuracy": 0.8242857142857143,
    "precision": 0.6439024390243903,
    "recall": 0.7252747252747253,
    "f1": 0.6821705426356589,
    "roc_auc": 0.844934023505452,
    "pr_auc": 0.8045108439430678,
    "balanced_accuracy": 0.7921740421740422,
    "mcc": 0.5632389348455082,
    "best_inner_cv_roc_auc": 0.9568945137384751
}