{
    "roc_auc": 0.790671844265075,
    "pr_ap": 0.4841561096305462,
    "optimal_threshold": 0.686144877208416,
    "optimal_f1": 0.6302414181467914,
    "accuracy": 0.8236363636363636,
    "precision": 0.5918854415274463,
    "recall": 0.6739130434782609,
    "f1": 0.6302414231257941,
    "balanced_accuracy": 0.7702638540324221,
    "mcc": 0.5169515540930133
}