{
    "r2": 0.7859206280858504,
    "mse": 0.0298018213885064,
    "rmse": 0.17263204044587552,
    "mae": 0.09988813344002588
}