{
    "accuracy": 0.8540772532188842,
    "precision": 0.2916666666666667,
    "recall": 1.0,
    "f1": 0.45161290322580644,
    "roc_auc": 0.9972820178299631,
    "pr_auc": 0.982923631596198,
    "balanced_accuracy": 0.9223744292237444,
    "mcc": 0.49637192075484166,
    "best_inner_cv_pr_auc": 0.3843964682958405
}