{
    "best_params": {
        "subsample": 1.0,
        "scale_pos_weight": 5,
        "n_estimators": 500,
        "max_depth": 5,
        "learning_rate": 0.01,
        "gamma": 0.1,
        "colsample_bytree": 0.6
    },
    "pr_auc": 0.8484672762868797,
    "roc_auc": 0.9230420293082451,
    "f1": 0.7657751105183868,
    "balanced_acc": 0.8474154619868275
}