{
    "accuracy": 0.8454697053918844,
    "precision": 0.8235294117647058,
    "recall": 0.7562043795620438,
    "f1": 0.7884322678843226,
    "roc_auc": 0.923075915029682,
    "pr_auc": 0.8915517252731175,
    "balanced_accuracy": 0.8282817229946664,
    "mcc": 0.6685691414807067,
    "best_inner_cv_pr_auc": 0.8484672762868797
}