model_name,status,r2_mean,r2_std,mse_mean,mse_std,rmse_mean,rmse_std,mae_mean,mae_std,best_inner_cv_score_mean,best_inner_cv_score_std,scoring_metric_used,test_r2,test_mse,test_rmse,test_mae
lr,completed,0.5995812293879667,0.2314499437804961,0.031910200827690784,0.011627218478216706,0.1756230458315179,0.03266108694687528,0.1282858144814113,0.024075509128355797,-0.03745703878701896,0.006305465901729094,neg_mean_squared_error,0.6835521498447852,0.044052456921839594,0.20988677166948752,0.13770533456429435
ridge,completed,0.6909556934217054,0.19428921292338375,0.024274735936688708,0.00955030052487722,0.1529039474604674,0.029918535854806326,0.10401503383470115,0.022085312051712103,-0.0222608204093148,0.0035956726848214078,neg_mean_squared_error,0.755899877085251,0.03398098657975832,0.18433932456141397,0.12164155351330068
lasso,completed,0.6954662641479435,0.17306725722209026,0.024347057238720986,0.00872792409010595,0.15337780153654515,0.028675899890624947,0.10407284594357942,0.0196077540435555,-0.021960864502046703,0.0031745509985202304,neg_mean_squared_error,0.7834956484870614,0.03013940089571303,0.17360703008724337,0.11115573018284843
en,completed,0.7366448462276184,0.10849766479032473,0.02160502524494557,0.005791498106660046,0.14556545742273636,0.02038928273027529,0.09694296084317813,0.012621690114904579,-0.021478680189460427,0.0030607305127196517,neg_mean_squared_error,0.7729150904767428,0.03161231207437949,0.1777985153885698,0.11472346694987437
