accuracy,precision,recall,f1,mcc,roc_auc,pr_auc
0.7828571428571428,0.5652173913043478,0.7142857142857143,0.6310679611650486,0.48676767631777185,0.845830327973185,0.8024197682946071
