{
    "r2": 0.674562329003018,
    "mse": 0.021010193313944714,
    "rmse": 0.14494893346949717,
    "mae": 0.08919385681287813,
    "best_inner_cv_score": -0.025990688155446657,
    "scoring_metric_used": "neg_mean_squared_error"
}