{
    "r2": 0.7144424528188711,
    "mse": 0.02595559791526358,
    "rmse": 0.16110741111216326,
    "mae": 0.11569982126408794,
    "best_inner_cv_score": -0.04732911040559675,
    "scoring_metric_used": "neg_mean_squared_error"
}