{
    "r2": 0.8414363311892537,
    "mse": 0.018447417348870055,
    "rmse": 0.13582126986915583,
    "mae": 0.09141575834645024,
    "best_inner_cv_score": -0.020122008280725773,
    "scoring_metric_used": "neg_mean_squared_error"
}