{
    "roc_auc": 0.7421477565624365,
    "pr_ap": 0.41412563972798544,
    "optimal_threshold": 0.2548310569689235,
    "optimal_f1": 0.509871240313198,
    "accuracy": 0.6539393939393939,
    "precision": 0.3726474278544542,
    "recall": 0.8070652173913043,
    "f1": 0.5098712446351932,
    "balanced_accuracy": 0.7085248083836397,
    "mcc": 0.3474177250262868
}