{
    "accuracy": 0.8771645021645021,
    "precision": 0.8990654205607477,
    "recall": 0.735474006116208,
    "f1": 0.8090832632464255,
    "roc_auc": 0.9381054098217899,
    "pr_auc": 0.9148090571972869,
    "balanced_accuracy": 0.8451239377314708,
    "mcc": 0.7277577886850717,
    "best_inner_cv_roc_auc": 0.938545449143335
}