{
    "accuracy": 0.8214285714285714,
    "precision": 0.6212765957446809,
    "recall": 0.8021978021978022,
    "f1": 0.7002398081534772,
    "roc_auc": 0.8326085111799398,
    "pr_auc": 0.7646489694253288,
    "balanced_accuracy": 0.8151915651915652,
    "mcc": 0.5855240644105402,
    "best_inner_cv_roc_auc": 0.9403335241872018
}