{
    "best_params": {
        "subsample": 0.8,
        "scale_pos_weight": 7,
        "n_estimators": 100,
        "max_depth": 7,
        "learning_rate": 0.1,
        "gamma": 1,
        "colsample_bytree": 1.0
    },
    "pr_auc": 0.826490097113405,
    "roc_auc": 0.90144515344205,
    "f1": 0.7148662315632862,
    "balanced_acc": 0.8056110236234746
}