{
    "accuracy": 0.7310443490701002,
    "precision": 1.0,
    "recall": 0.3212996389891697,
    "f1": 0.48633879781420764,
    "roc_auc": 0.9605283419166081,
    "pr_auc": 0.9639797438593056,
    "balanced_accuracy": 0.6606498194945849,
    "mcc": 0.4714617096797436,
    "best_inner_cv_pr_auc": 0.9134007689494951
}