{
    "r2": 0.35738330197728063,
    "mse": 0.07865792785403643,
    "rmse": 0.280460207255925,
    "mae": 0.1591180627125582,
    "best_inner_cv_score": -0.028061012547482545,
    "scoring_metric_used": "neg_mean_squared_error"
}