{
    "r2": 0.7964817865221268,
    "mse": 0.014212680374499898,
    "rmse": 0.1192169466749585,
    "mae": 0.08188502726620957,
    "best_inner_cv_score": -0.02387588666893929,
    "scoring_metric_used": "neg_mean_squared_error"
}