{
    "roc_auc": 0.8194108591870568,
    "pr_ap": 0.7811377412175321,
    "optimal_threshold": 0.89,
    "optimal_f1": 0.6818897587801351,
    "accuracy": 0.7551515151515151,
    "precision": 0.6744548286604362,
    "recall": 0.6894904458598726,
    "f1": 0.6818897637795276,
    "balanced_accuracy": 0.7424947336931458,
    "mcc": 0.4829918435392384
}