{
    "r2_mean": 0.49778787200632524,
    "r2_std": 0.12572988617290726,
    "mse_mean": 0.060010889228860456,
    "mse_std": 0.021948693301216717,
    "rmse_mean": 0.24083667158847105,
    "rmse_std": 0.04481726059284963,
    "mae_mean": 0.16796271407141458,
    "mae_std": 0.010923788388581289,
    "best_inner_cv_score_mean": -0.10267378776084454,
    "best_inner_cv_score_std": 0.030100024358990528,
    "scoring_metric_used": "neg_mean_squared_error"
}