{
    "best_params": {
        "n_estimators": 700,
        "min_samples_split": 2,
        "min_samples_leaf": 4,
        "max_features": "log2",
        "max_depth": 30,
        "class_weight": "balanced_subsample"
    },
    "pr_auc": 0.9233095239772371,
    "roc_auc": 0.9483433553945062,
    "f1": 0.8114314366943178,
    "balanced_acc": 0.8561435246035173
}