{
    "r2": 0.6892106375157501,
    "mse": 0.03707672746916893,
    "rmse": 0.19255318088561646,
    "mae": 0.12815973924186994,
    "best_inner_cv_score": -0.0215523717947974,
    "scoring_metric_used": "neg_mean_squared_error"
}