{
    "r2": 0.9701263846891548,
    "mse": 0.0027572396752390603,
    "rmse": 0.05250942463252726,
    "mae": 0.028300130095690178
}