accuracy,precision,recall,f1,roc_auc,pr_auc,mcc,log_loss
0.8852813852813853,0.9032846715328468,0.7568807339449541,0.8236272878535774,0.9328664218134506,0.9094389256367852,0.7459490243325165,0.3247275559962367
