{
    "r2": 0.8009471633609955,
    "mse": 0.0213496171793023,
    "rmse": 0.1461150819706929,
    "mae": 0.0951895342075448,
    "best_inner_cv_score": -0.026790006046523776,
    "scoring_metric_used": "neg_mean_squared_error"
}