{
    "r2": -91.06769573396853,
    "mse": 8.49361003619428,
    "rmse": 2.914379871635522,
    "mae": 2.8575410213416874
}