{
    "roc_auc": 0.6340742216645187,
    "pr_ap": 0.2777218386901339,
    "optimal_threshold": 1689.8275180422677,
    "optimal_f1": 0.4288079427832113,
    "accuracy": 0.5818181818181818,
    "precision": 0.30833333333333335,
    "recall": 0.7038043478260869,
    "f1": 0.4288079470198676,
    "balanced_accuracy": 0.6253031099504849,
    "mcc": 0.20867845621369321
}