MSE,RMSE,MAE,R2
0.0406835777924473,0.20170170498150802,0.14149779183926026,0.6589768280869126
