{
    "accuracy": 0.7573333333333333,
    "precision": 0.40487804878048783,
    "recall": 0.5804195804195804,
    "f1": 0.47701149425287354,
    "roc_auc": 0.8325422518173753,
    "pr_auc": 0.5228135795855406,
    "balanced_accuracy": 0.6897155562723931,
    "mcc": 0.3344414686010167,
    "best_inner_cv_roc_auc": 0.9540186898039372
}