accuracy,precision,recall,f1,roc_auc,balanced_accuracy,mcc,pr_ap,optimal_threshold,optimal_f1
0.933252427184466,0.9592198581560284,0.8614649681528662,0.9077181208053692,0.9435080242287998,0.9194579742725115,0.8587053436005476,0.9464688287657884,0.63,0.9173060478809592
