{
    "r2": -167125.9284119798,
    "mse": 16870.854730233215,
    "rmse": 129.8878544369458,
    "mae": 4.888244825724366,
    "best_inner_cv_score": -0.023545195923178972,
    "scoring_metric_used": "neg_mean_squared_error"
}