{
    "r2": -3141.0366743909176,
    "mse": 289.8653433101063,
    "rmse": 17.025432250316182,
    "mae": 15.818174216606394
}