{
    "roc_auc": 0.6846775399803058,
    "pr_ap": 0.5352832346699353,
    "optimal_threshold": 0.6788323799941597,
    "optimal_f1": 0.6042884941944109,
    "accuracy": 0.6309090909090909,
    "precision": 0.5104281009879253,
    "recall": 0.7404458598726115,
    "f1": 0.6042884990253411,
    "balanced_accuracy": 0.6520233213257383,
    "mcc": 0.29686847004927847
}