{
    "roc_auc": 0.6845791222953266,
    "pr_ap": 0.3289903933134033,
    "optimal_threshold": 0.6944606691747475,
    "optimal_f1": 0.4683195547540183,
    "accuracy": 0.649090909090909,
    "precision": 0.3536754507628294,
    "recall": 0.6929347826086957,
    "f1": 0.46831955922865015,
    "balanced_accuracy": 0.6647201214135522,
    "mcc": 0.27648341303656204
}