{
    "accuracy": 0.8441558441558441,
    "precision": 0.937799043062201,
    "recall": 0.599388379204893,
    "f1": 0.7313432835820896,
    "roc_auc": 0.9381937721225906,
    "pr_auc": 0.9078875900035361,
    "balanced_accuracy": 0.7888064174081416,
    "mcc": 0.6601942124946182,
    "best_inner_cv_roc_auc": 0.9374797760634788
}