{
    "r2": -0.20658590613260386,
    "mse": 0.07789695353972176,
    "rmse": 0.2791002571473587,
    "mae": 0.24980664004922584,
    "best_inner_cv_score": -4181.192529304312,
    "scoring_metric_used": "neg_mean_squared_error"
}