{
    "roc_auc": 0.98795159194282,
    "pr_ap": 0.9774831907969918,
    "optimal_threshold": 0.01464350960779,
    "optimal_f1": 0.9421915394362014,
    "accuracy": 0.9593939393939394,
    "precision": 0.9269949066213922,
    "recall": 0.9578947368421052,
    "f1": 0.9421915444348576,
    "balanced_accuracy": 0.9590399610136452,
    "mcc": 0.9112015627735606
}