{
    "best_params": {
        "n_estimators": 200,
        "min_samples_split": 2,
        "min_samples_leaf": 1,
        "max_features": null,
        "max_depth": 20,
        "class_weight": "balanced"
    },
    "pr_auc": 0.9226561713183927,
    "roc_auc": 0.9467342210737354,
    "f1": 0.8658294618660473,
    "balanced_acc": 0.9315599675276361
}