{
    "accuracy": 0.6914285714285714,
    "precision": 1.0,
    "recall": 0.6058394160583942,
    "f1": 0.7545454545454545,
    "roc_auc": 0.9137533615059548,
    "pr_auc": 0.9759754619405618,
    "balanced_accuracy": 0.8029197080291971,
    "mcc": 0.5002379630498801,
    "best_inner_cv_pr_auc": 0.9226561713183927
}