{
    "best_params": {
        "model__solver": "liblinear",
        "model__penalty": "l1",
        "model__class_weight": null,
        "model__C": 0.005994842503189409
    },
    "pr_auc": 0.9256233528382265,
    "roc_auc": 0.948472238148787,
    "f1": 0.8122908365009073,
    "balanced_acc": 0.8600432146415745
}