{
    "r2": 0.17006070504695125,
    "mse": 0.1154865439777268,
    "rmse": 0.3398331119501553,
    "mae": 0.28179531900434024
}