{
    "best_params": {
        "model__solver": "saga",
        "model__penalty": "elasticnet",
        "model__max_iter": 2000,
        "model__l1_ratio": 0.1,
        "model__class_weight": null,
        "model__C": 0.005994842503189409
    },
    "pr_auc": 0.9645909449339167,
    "roc_auc": 0.9863582050843053,
    "f1": 0.9101794563979438,
    "balanced_acc": 0.9332546593409617
}