{
    "accuracy": 0.8925,
    "precision": 0.8535564853556485,
    "recall": 0.9622641509433962,
    "f1": 0.9046563192904656,
    "roc_auc": 0.9789993978321959,
    "pr_auc": 0.9835622982109593,
    "balanced_accuracy": 0.8880469690887194,
    "mcc": 0.7898584304986898,
    "best_inner_cv_pr_auc": 0.9645909449339167
}