{
    "r2": 0.5527240679720415,
    "mse": 0.026112078856863112,
    "rmse": 0.16159232301338797,
    "mae": 0.10006316428978272,
    "best_inner_cv_score": -0.021136647476607474,
    "scoring_metric_used": "neg_mean_squared_error"
}