{
    "accuracy": 0.9027027027027027,
    "precision": 0.7661927330173776,
    "recall": 0.9381044487427466,
    "f1": 0.8434782608695652,
    "roc_auc": 0.9564223744524138,
    "pr_auc": 0.9189376551231593,
    "balanced_accuracy": 0.9135383459017559,
    "mcc": 0.7822741585236234,
    "best_inner_cv_roc_auc": 0.9094993223762647
}