{
    "r2": 0.869724455813084,
    "mse": 0.015339700578839733,
    "rmse": 0.12385354487797164,
    "mae": 0.07098131428176138,
    "best_inner_cv_score": -0.029563661754097973,
    "scoring_metric_used": "neg_mean_squared_error"
}