{
    "r2": -26768420.51810632,
    "mse": 2469493.0382121173,
    "rmse": 1571.4620702429052,
    "mae": 1418.9285152280836
}