{
    "r2_mean": 0.7171282769759896,
    "r2_std": 0.002685824157118488,
    "mse_mean": 0.02610056769293067,
    "mse_std": 0.0001449697776670887,
    "rmse_mean": 0.16155607816114448,
    "rmse_std": 0.00044866704898123555,
    "mae_mean": 0.11050666256486233,
    "mae_std": 0.005193158699225611,
    "best_inner_cv_score_mean": -0.03262222858928937,
    "best_inner_cv_score_std": 0.014706881816307377,
    "scoring_metric_used": "neg_mean_squared_error"
}