{
    "r2": 0.7119085989030376,
    "mse": 0.018599125327407158,
    "rmse": 0.1363786102268503,
    "mae": 0.0934882288288024,
    "best_inner_cv_score": -0.024885162555177198,
    "scoring_metric_used": "neg_mean_squared_error"
}