{
    "accuracy": 0.9370529327610873,
    "precision": 0.8232931726907631,
    "recall": 1.0,
    "f1": 0.9030837004405287,
    "roc_auc": 0.976849017478029,
    "pr_auc": 0.9399040565474206,
    "balanced_accuracy": 0.9554655870445344,
    "mcc": 0.8660042819863603,
    "best_inner_cv_pr_auc": 0.9419462162956448
}