MSE,RMSE,MAE,R2
0.013005967689939047,0.1140437095588312,0.06703564273388735,0.8137612864666652
