{
    "roc_auc": 0.8874635420199417,
    "pr_ap": 0.6171220556408208,
    "optimal_threshold": 0.711810598483169,
    "optimal_f1": 0.740099004940692,
    "accuracy": 0.8727272727272727,
    "precision": 0.6795454545454546,
    "recall": 0.8125,
    "f1": 0.7400990099009901,
    "balanced_accuracy": 0.8512578003120125,
    "mcc": 0.6613096673825299
}