{
    "r2": 0.654867851287565,
    "mse": 0.03183980937882518,
    "rmse": 0.1784371300453613,
    "mae": 0.09635110590144103
}