{
    "roc_auc": 0.4326597792172557,
    "pr_ap": 0.2296240291544765,
    "optimal_threshold": 3336.0,
    "optimal_f1": 0.36763236463181176,
    "accuracy": 0.23272727272727273,
    "precision": 0.2252141982864137,
    "recall": 1.0,
    "f1": 0.3676323676323676,
    "balanced_accuracy": 0.5062402496099844,
    "mcc": 0.05301684285243213
}