{
    "accuracy_mean": 0.8572007021283504,
    "accuracy_std": 0.06867021431538556,
    "precision_mean": 0.7396903471348754,
    "precision_std": 0.2086948457607235,
    "recall_mean": 0.7362555696539789,
    "recall_std": 0.1679945171781082,
    "f1_mean": 0.7319123370735912,
    "f1_std": 0.18215860612915688,
    "roc_auc_mean": 0.9131764018386128,
    "roc_auc_std": 0.06572256492770043,
    "pr_auc_mean": 0.8400448409956589,
    "pr_auc_std": 0.15735332076027528,
    "balanced_accuracy_mean": 0.8198121013177799,
    "balanced_accuracy_std": 0.1063201702902889,
    "mcc_mean": 0.6383748571813372,
    "mcc_std": 0.2180732377362027,
    "best_inner_cv_roc_auc_mean": 0.9357115965776058,
    "best_inner_cv_roc_auc_std": 0.02120785988055688
}