{
    "accuracy": 0.9425901201602136,
    "precision": 0.8904109589041096,
    "recall": 0.9112149532710281,
    "f1": 0.9006928406466512,
    "roc_auc": 0.9826447724692112,
    "pr_auc": 0.9712089909752581,
    "balanced_accuracy": 0.9331775700934579,
    "mcc": 0.8604383165955622,
    "best_inner_cv_roc_auc": 0.9488494610285544
}