{
    "r2": 0.7347480188569944,
    "mse": 0.03164418285389274,
    "rmse": 0.17788811892280143,
    "mae": 0.12600596541457923,
    "best_inner_cv_score": -0.021755940592450937,
    "scoring_metric_used": "neg_mean_squared_error"
}