{
    "roc_auc": 0.8953655972325849,
    "pr_ap": 0.582163350213711,
    "optimal_threshold": 0.83,
    "optimal_f1": 0.736305727503558,
    "accuracy": 0.8745454545454545,
    "precision": 0.6930455635491607,
    "recall": 0.7853260869565217,
    "f1": 0.7363057324840764,
    "balanced_accuracy": 0.8427410465983857,
    "mcc": 0.6566205497253585
}