{
    "r2": 0.7805181429582124,
    "mse": 0.023540752821034277,
    "rmse": 0.1534299606368791,
    "mae": 0.09702732788900503,
    "best_inner_cv_score": -0.027567146068950183,
    "scoring_metric_used": "neg_mean_squared_error"
}