{
    "r2": 0.8381636194295323,
    "mse": 0.01735792782058914,
    "rmse": 0.1317494888816998,
    "mae": 0.07774245884176559,
    "best_inner_cv_score": -0.027534380447811355,
    "scoring_metric_used": "neg_mean_squared_error"
}