{
    "accuracy_mean": 0.9433378397711015,
    "accuracy_std": 0.03312754597930436,
    "precision_mean": 0.9202243002949011,
    "precision_std": 0.07379703849130081,
    "recall_mean": 0.808974532651477,
    "recall_std": 0.13528456600914304,
    "f1_mean": 0.8487271779889355,
    "f1_std": 0.04540316197091564,
    "roc_auc_mean": 0.9673204969227358,
    "roc_auc_std": 0.01431812131507059,
    "pr_auc_mean": 0.9137037431735768,
    "pr_auc_std": 0.04720147962838603,
    "balanced_accuracy_mean": 0.8761030513708251,
    "balanced_accuracy_std": 0.04231772883641566,
    "mcc_mean": 0.8127897583987707,
    "mcc_std": 0.03867395023967317,
    "best_inner_cv_pr_auc_mean": 0.9577225706509218,
    "best_inner_cv_pr_auc_std": 0.010238778929115478,
    "default_threshold_mean": 0.5,
    "default_threshold_std": 0.0,
    "optimal_threshold_mean": 0.4688821034820706,
    "optimal_threshold_std": 0.192426974803531,
    "optimal_f1_mean": 0.8630467683888641,
    "optimal_f1_std": 0.03538512553089434,
    "threshold_improvement_mean": 0.014319590399928495,
    "threshold_improvement_std": 0.01486803070917745,
    "threshold_used_mean": 0.5,
    "threshold_used_std": 0.0
}