{
    "roc_auc": 0.03846273698380845,
    "pr_ap": 0.22256446575202238,
    "optimal_threshold": 4.596655739991631,
    "optimal_f1": 0.5513608388509861,
    "accuracy": 0.3806060606060606,
    "precision": 0.3806060606060606,
    "recall": 1.0,
    "f1": 0.5513608428446005,
    "balanced_accuracy": 0.5,
    "mcc": 0.0
}