{
    "accuracy": 0.9942857142857143,
    "precision": 1.0,
    "recall": 0.9872611464968153,
    "f1": 0.9935897435897436,
    "roc_auc": 0.9934325599815188,
    "pr_auc": 0.9951098847855582,
    "balanced_accuracy": 0.9936305732484076,
    "mcc": 0.9885015888445147,
    "best_inner_cv_pr_auc": 0.8928344245234171
}