{
    "r2": 0.8076361673367584,
    "mse": 0.0177545699099762,
    "rmse": 0.13324627540751824,
    "mae": 0.08823487212016314
}