{
    "r2_mean": 0.7366448462276184,
    "r2_std": 0.10849766479032473,
    "mse_mean": 0.02160502524494557,
    "mse_std": 0.005791498106660046,
    "rmse_mean": 0.14556545742273636,
    "rmse_std": 0.02038928273027529,
    "mae_mean": 0.09694296084317813,
    "mae_std": 0.012621690114904579,
    "best_inner_cv_score_mean": -0.021478680189460427,
    "best_inner_cv_score_std": 0.0030607305127196517,
    "scoring_metric_used": "neg_mean_squared_error"
}