{
    "accuracy": 0.88,
    "precision": 0.6440677966101694,
    "recall": 0.6129032258064516,
    "f1": 0.628099173553719,
    "roc_auc": 0.9009777903741112,
    "pr_auc": 0.7268574627987731,
    "balanced_accuracy": 0.7729052870246316,
    "mcc": 0.556852804738496,
    "best_inner_cv_pr_auc": 0.9735532978993842
}