{
    "r2": 0.8488358235897766,
    "mse": 0.01621326956237106,
    "rmse": 0.12733133770745936,
    "mae": 0.07780159134803537,
    "best_inner_cv_score": -0.0270064405696879,
    "scoring_metric_used": "neg_mean_squared_error"
}