{
    "r2": 0.5457068549361958,
    "mse": 0.04585923841320846,
    "rmse": 0.21414770232997704,
    "mae": 0.12931352714001731,
    "best_inner_cv_score": -0.017710122803821348,
    "scoring_metric_used": "neg_mean_squared_error"
}