{
    "roc_auc": 0.9376998050682261,
    "pr_ap": 0.9050606408835163,
    "optimal_threshold": 92.09025470653376,
    "optimal_f1": 0.7995824586460136,
    "accuracy": 0.8836363636363637,
    "precision": 0.9871134020618557,
    "recall": 0.6719298245614035,
    "f1": 0.7995824634655533,
    "balanced_accuracy": 0.8336500974658869,
    "mcc": 0.7482125992155972
}