accuracy,precision,recall,f1,mcc,roc_auc,pr_auc
0.8397863818424566,0.7918918918918919,0.8720238095238095,0.830028328611898,0.6819999156549298,0.95798743226104,0.9576663420258106
