{
    "roc_auc": 0.7390264499482718,
    "pr_ap": 0.6069973602945998,
    "optimal_threshold": 0.87,
    "optimal_f1": 0.6435366490508801,
    "accuracy": 0.6139393939393939,
    "precision": 0.49611734253666956,
    "recall": 0.9156050955414012,
    "f1": 0.6435366536094013,
    "balanced_accuracy": 0.6720882620564149,
    "mcc": 0.3655140285634337
}