fpr,tpr,thresholds
0.0,0.0,inf
0.0009784735812133072,0.044585987261146494,0.91
0.07632093933463796,0.2961783439490446,0.9
0.23581213307240703,0.6273885350318471,0.89
0.42563600782778865,0.7898089171974523,0.88
0.5714285714285714,0.9156050955414012,0.87
0.7191780821917808,0.9187898089171974,0.86
0.8639921722113503,0.9187898089171974,0.85
0.9393346379647749,0.9203821656050956,0.84
0.9990215264187867,0.9203821656050956,0.83
1.0,0.9235668789808917,0.82
1.0,1.0,0.81
