{
    "r2": -0.11574641069337233,
    "mse": 0.10293203100353604,
    "rmse": 0.32083022146228063,
    "mae": 0.20147579614489325
}