{
    "r2": 0.7441555579871839,
    "mse": 0.021038991792604052,
    "rmse": 0.14504823953638338,
    "mae": 0.09184540187977383,
    "best_inner_cv_score": -0.028829923708553924,
    "scoring_metric_used": "neg_mean_squared_error"
}