{
    "roc_auc": 0.5711057790137692,
    "pr_ap": 0.3320484431461795,
    "optimal_threshold": 0.4221258846053733,
    "optimal_f1": 0.3934040013163135,
    "accuracy": 0.37575757575757573,
    "precision": 0.2511278195488722,
    "recall": 0.907608695652174,
    "f1": 0.3934040047114252,
    "balanced_accuracy": 0.5653488096045581,
    "mcc": 0.13760518192003363
}