{
    "roc_auc": 0.88460625381537,
    "pr_ap": 0.5379199402439251,
    "optimal_threshold": 0.79,
    "optimal_f1": 0.7346938725697626,
    "accuracy": 0.8739393939393939,
    "precision": 0.6923076923076923,
    "recall": 0.782608695652174,
    "f1": 0.7346938775510204,
    "balanced_accuracy": 0.8413823509462117,
    "mcc": 0.6545378073551371
}