{
    "best_params": {
        "subsample": 0.6,
        "reg_lambda": 0.1,
        "reg_alpha": 0,
        "num_leaves": 60,
        "n_estimators": 100,
        "max_depth": 30,
        "learning_rate": 0.05,
        "colsample_bytree": 0.6,
        "class_weight": null
    },
    "pr_auc": 0.9237344726125056,
    "roc_auc": 0.9492484040675633,
    "f1": 0.8129378496226322,
    "balanced_acc": 0.8594593358337002
}