{
    "accuracy": 0.744,
    "precision": 0.3689839572192513,
    "recall": 0.4825174825174825,
    "f1": 0.41818181818181815,
    "roc_auc": 0.828717411089734,
    "pr_auc": 0.5828286965372574,
    "balanced_accuracy": 0.6440594002373244,
    "mcc": 0.26161278347694056,
    "best_inner_cv_pr_auc": 0.9237344726125056
}