{
    "roc_auc": 0.045288680868036946,
    "pr_ap": 0.2234403820155974,
    "optimal_threshold": 0.915,
    "optimal_f1": 0.5513608388509861,
    "accuracy": 0.3806060606060606,
    "precision": 0.3806060606060606,
    "recall": 1.0,
    "f1": 0.5513608428446005,
    "balanced_accuracy": 0.5,
    "mcc": 0.0
}