accuracy,precision,recall,f1,roc_auc,pr_auc,mcc,log_loss
0.8744588744588745,0.9011406844106464,0.7247706422018348,0.8033898305084746,0.9271612906530614,0.8986173887170075,0.7218875355967264,0.36265814525614176
