{
    "r2": 0.5238565151325825,
    "mse": 0.048064950635264524,
    "rmse": 0.21923720175933764,
    "mae": 0.12148622940930816,
    "best_inner_cv_score": -0.01702149752756287,
    "scoring_metric_used": "neg_mean_squared_error"
}