{
    "r2": -5748.039857714258,
    "mse": 530.3717253341315,
    "rmse": 23.029800809692894,
    "mae": 21.181645389092154
}