{
    "r2": -0.31678484967890186,
    "mse": 0.08501137609506777,
    "rmse": 0.29156710393161256,
    "mae": 0.2625944619623553,
    "best_inner_cv_score": -5456314.244610018,
    "scoring_metric_used": "neg_mean_squared_error"
}