accuracy,precision,recall,f1,mcc,roc_auc,pr_auc
0.8411214953271028,0.9509803921568627,0.4597156398104265,0.6198083067092651,0.5907445108213033,0.8891189062527528,0.829053243728533
