{
    "r2": -0.521036577246927,
    "mse": 0.1403216560915467,
    "rmse": 0.37459532310420895,
    "mae": 0.21994989938697443
}