{
    "r2": 0.13890183420954683,
    "mse": 0.11982231929182827,
    "rmse": 0.34615360649836985,
    "mae": 0.24949909777183318
}