{
    "r2": 0.7003209891448632,
    "mse": 0.030094868855668113,
    "rmse": 0.1734787273865822,
    "mae": 0.10912554957105505,
    "best_inner_cv_score": -0.025260119333616667,
    "scoring_metric_used": "neg_mean_squared_error"
}