{
    "accuracy": 0.8841991341991342,
    "precision": 0.7846153846153846,
    "recall": 0.7018348623853211,
    "f1": 0.7409200968523002,
    "roc_auc": 0.9310497180133587,
    "pr_auc": 0.862893028861264,
    "balanced_accuracy": 0.8211723886997426,
    "mcc": 0.6683711953338366,
    "best_inner_cv_roc_auc": 0.9495103212804316
}