{
    "r2": 0.7143393140428111,
    "mse": 0.028836405842644866,
    "rmse": 0.16981285535154536,
    "mae": 0.11079646643229664,
    "best_inner_cv_score": -0.017456937897850067,
    "scoring_metric_used": "neg_mean_squared_error"
}