{
    "roc_auc": 0.9400825158612436,
    "pr_ap": 0.931037215861282,
    "optimal_threshold": 78.61341868869904,
    "optimal_f1": 0.8566552851280738,
    "accuracy": 0.8981818181818182,
    "precision": 0.9227941176470589,
    "recall": 0.7993630573248408,
    "f1": 0.856655290102389,
    "balanced_accuracy": 0.8791335834569409,
    "mcc": 0.783160018205896
}