{
    "r2": 0.026523870616498524,
    "mse": 0.08848358323500494,
    "rmse": 0.29746190215724255,
    "mae": 0.25687772690914706,
    "best_inner_cv_score": -1080149.0662541476,
    "scoring_metric_used": "neg_mean_squared_error"
}