{
    "r2": -0.27765550944510897,
    "mse": 0.11786878743200764,
    "rmse": 0.34332024034712494,
    "mae": 0.2947612037324431
}