{
    "r2": 0.8571745343174048,
    "mse": 0.01661642287451276,
    "rmse": 0.12890470462521048,
    "mae": 0.08765438654533524,
    "best_inner_cv_score": -0.020794512617389457,
    "scoring_metric_used": "neg_mean_squared_error"
}