{
    "best_params": {
        "n_estimators": 200,
        "min_samples_split": 2,
        "min_samples_leaf": 4,
        "max_features": "log2",
        "max_depth": 10,
        "class_weight": "balanced"
    },
    "pr_auc": 0.9718623518683857,
    "roc_auc": 0.9683614329716606,
    "f1": 0.8845858696389569,
    "balanced_acc": 0.9088240152573172
}