{
    "accuracy": 0.8966666666666666,
    "precision": 0.6666666666666666,
    "recall": 0.9836065573770492,
    "f1": 0.7947019867549668,
    "roc_auc": 0.8810618012209342,
    "pr_auc": 0.4941990383331295,
    "balanced_accuracy": 0.929041772412374,
    "mcc": 0.7536375683520685,
    "best_inner_cv_pr_auc": 0.9718623518683857
}