{
    "roc_auc": 0.9396523716699156,
    "pr_ap": 0.9087615429199917,
    "optimal_threshold": 0.1046607116297731,
    "optimal_f1": 0.8299212548949099,
    "accuracy": 0.8690909090909091,
    "precision": 0.7528571428571429,
    "recall": 0.9245614035087719,
    "f1": 0.8299212598425196,
    "balanced_accuracy": 0.8821881091617934,
    "mcc": 0.7354372946309433
}