accuracy,precision,recall,f1,roc_auc,pr_auc,mcc,log_loss
0.841991341991342,0.9617346938775511,0.5764525993883792,0.7208413001912046,0.9049093582079613,0.8852444952667652,0.6595709875021173,0.5347556193149838
