{
    "accuracy": 0.8653333333333333,
    "precision": 0.0784313725490196,
    "recall": 0.06896551724137931,
    "f1": 0.07339449541284404,
    "roc_auc": 0.9209437911102253,
    "pr_auc": 0.3193560682709211,
    "balanced_accuracy": 0.5005232210484353,
    "mcc": 0.0011103466087367471,
    "best_inner_cv_pr_auc": 0.36447047892775525
}