{
    "roc_auc": 0.23720897205453434,
    "pr_ap": 0.14743301150234203,
    "optimal_threshold": 3.258299384934899,
    "optimal_f1": 0.37134207568442934,
    "accuracy": 0.24484848484848484,
    "precision": 0.22800495662949194,
    "recall": 1.0,
    "f1": 0.3713420787083754,
    "balanced_accuracy": 0.5140405616224649,
    "mcc": 0.08001646885215341
}