{
    "accuracy": 0.8743746525847693,
    "precision": 0.7045840407470289,
    "recall": 0.8886509635974305,
    "f1": 0.7859848484848485,
    "roc_auc": 0.9420491154966529,
    "pr_auc": 0.8870817293860164,
    "balanced_accuracy": 0.8790101664833999,
    "mcc": 0.7081757894372954,
    "best_inner_cv_roc_auc": 0.9460832739433782
}