{
    "r2": 0.13716543430409578,
    "mse": 0.10038282701077757,
    "rmse": 0.3168324904595133,
    "mae": 0.27284215973263165,
    "best_inner_cv_score": -107396016.97553347,
    "scoring_metric_used": "neg_mean_squared_error"
}