{
    "accuracy_mean": 0.8674814717190875,
    "accuracy_std": 0.04693620465464591,
    "precision_mean": 0.7498490813566516,
    "precision_std": 0.16069518909896022,
    "recall_mean": 0.7476233500068658,
    "recall_std": 0.1694155366480337,
    "f1_mean": 0.7456503941975079,
    "f1_std": 0.157649950691599,
    "roc_auc_mean": 0.9279732869958833,
    "roc_auc_std": 0.051500725489557246,
    "pr_auc_mean": 0.8545082200837228,
    "pr_auc_std": 0.15315509938352473,
    "balanced_accuracy_mean": 0.8280422173251898,
    "balanced_accuracy_std": 0.0927334912478894,
    "mcc_mean": 0.6554894376203901,
    "mcc_std": 0.18000361815850152,
    "best_inner_cv_pr_auc_mean": 0.8921818871835393,
    "best_inner_cv_pr_auc_std": 0.03589143989756313,
    "default_threshold_mean": 0.5,
    "default_threshold_std": 0.0,
    "optimal_threshold_mean": 0.5426136255264282,
    "optimal_threshold_std": 0.3967267572879791,
    "optimal_f1_mean": 0.8090657239825305,
    "optimal_f1_std": 0.13584091412083646,
    "threshold_improvement_mean": 0.06341532978502266,
    "threshold_improvement_std": 0.04246214246858848,
    "threshold_used_mean": 0.5,
    "threshold_used_std": 0.0
}