{
    "roc_auc": 0.12664717348927876,
    "pr_ap": 0.2273972283353861,
    "optimal_threshold": 2.3836897691667858,
    "optimal_f1": 0.513513509696859,
    "accuracy": 0.34545454545454546,
    "precision": 0.34545454545454546,
    "recall": 1.0,
    "f1": 0.5135135135135135,
    "balanced_accuracy": 0.5,
    "mcc": 0.0
}