{
    "r2": -739515678.8207138,
    "mse": 74264885.40991908,
    "rmse": 8617.707665610333,
    "mae": 200.62820952449673,
    "best_inner_cv_score": -0.02981587809994849,
    "scoring_metric_used": "neg_mean_squared_error"
}