{
    "best_params": {
        "model__solver": "saga",
        "model__penalty": "elasticnet",
        "model__max_iter": 2000,
        "model__l1_ratio": 0.5,
        "model__class_weight": null,
        "model__C": 0.000774263682681127
    },
    "pr_auc": 0.9134007689494951,
    "roc_auc": 0.9449568479522332,
    "f1": 0.0,
    "balanced_acc": 0.5
}