{
    "r2": 0.7500172616238286,
    "mse": 0.016980140603119764,
    "rmse": 0.1303078685387792,
    "mae": 0.09996158976960205,
    "best_inner_cv_score": -0.04115881815875443,
    "scoring_metric_used": "neg_mean_squared_error"
}