{
    "roc_auc": 0.01327485380116959,
    "pr_ap": 0.19786391360392083,
    "optimal_threshold": 4.559875340864823,
    "optimal_f1": 0.513513509696859,
    "accuracy": 0.34545454545454546,
    "precision": 0.34545454545454546,
    "recall": 1.0,
    "f1": 0.5135135135135135,
    "balanced_accuracy": 0.5,
    "mcc": 0.0
}