{
    "accuracy": 0.9241773962804005,
    "precision": 0.979757085020243,
    "recall": 0.8344827586206897,
    "f1": 0.9013035381750466,
    "roc_auc": 0.9659978079419946,
    "pr_auc": 0.9658758149080409,
    "balanced_accuracy": 0.911128909872692,
    "mcc": 0.8475219820881358,
    "best_inner_cv_pr_auc": 0.823173500168512
}