{
    "r2": 0.5464667334380113,
    "mse": 0.06310942240316053,
    "rmse": 0.2512158880388749,
    "mae": 0.12864026633899056
}