{
    "accuracy": 0.9101941747572816,
    "precision": 0.9054054054054054,
    "recall": 0.8535031847133758,
    "f1": 0.8786885245901639,
    "roc_auc": 0.9387754464843263,
    "balanced_accuracy": 0.899300611964531,
    "mcc": 0.8083828042942044,
    "pr_ap": 0.9416130577519459,
    "optimal_threshold": 0.868586286703459,
    "optimal_f1": 0.9156626456351298
}