{
    "roc_auc": 0.8854079673925237,
    "pr_ap": 0.8920668108448948,
    "optimal_threshold": 84.61370272647318,
    "optimal_f1": 0.8471615670993918,
    "accuracy": 0.8939393939393939,
    "precision": 0.9381044487427466,
    "recall": 0.7722929936305732,
    "f1": 0.8471615720524017,
    "balanced_accuracy": 0.8704909195158737,
    "mcc": 0.7756264435600719
}