{
    "roc_auc": 0.6225221291460354,
    "pr_ap": 0.26765734023132215,
    "optimal_threshold": 6922.0,
    "optimal_f1": 0.43325242371571315,
    "accuracy": 0.43393939393939396,
    "precision": 0.27890625,
    "recall": 0.970108695652174,
    "f1": 0.433252427184466,
    "balanced_accuracy": 0.6250699484501119,
    "mcc": 0.24965774390225098
}