{
    "r2_mean": -369757839.1243396,
    "r2_std": 369757839.6964371,
    "mse_mean": 37132442.722556666,
    "mse_std": 37132442.68736874,
    "rmse_mean": 4308.947625029711,
    "rmse_std": 4308.760040580987,
    "mae_mean": 100.38383945596397,
    "mae_std": 100.24437006854131,
    "best_inner_cv_score_mean": -37137.71589855892,
    "best_inner_cv_score_std": 37137.686082680826,
    "scoring_metric_used_mean": "N/A",
    "scoring_metric_used_std": "N/A"
}