{
    "r2": 0.7015823845754233,
    "mse": 0.01926578373409915,
    "rmse": 0.1388012382297044,
    "mae": 0.10136195725166788,
    "best_inner_cv_score": -0.027430258256972984,
    "scoring_metric_used": "neg_mean_squared_error"
}