{
    "r2": 0.7802970439078334,
    "mse": 0.030584676129427918,
    "rmse": 0.17488475099169715,
    "mae": 0.10045042651992372
}