{
    "r2": 0.7625872935624224,
    "mse": 0.033050036579199,
    "rmse": 0.18179669023169537,
    "mae": 0.12148673441099274
}