{
  "model_name": "logistic",
  "fpr_grid": [
    0.0,
    0.010101010101010102,
    0.020202020202020204,
    0.030303030303030304,
    0.04040404040404041,
    0.05050505050505051,
    0.06060606060606061,
    0.07070707070707072,
    0.08080808080808081,
    0.09090909090909091,
    0.10101010101010102,
    0.11111111111111112,
    0.12121212121212122,
    0.13131313131313133,
    0.14141414141414144,
    0.15151515151515152,
    0.16161616161616163,
    0.17171717171717174,
    0.18181818181818182,
    0.19191919191919193,
    0.20202020202020204,
    0.21212121212121213,
    0.22222222222222224,
    0.23232323232323235,
    0.24242424242424243,
    0.25252525252525254,
    0.26262626262626265,
    0.27272727272727276,
    0.2828282828282829,
    0.29292929292929293,
    0.30303030303030304,
    0.31313131313131315,
    0.32323232323232326,
    0.33333333333333337,
    0.3434343434343435,
    0.3535353535353536,
    0.36363636363636365,
    0.37373737373737376,
    0.38383838383838387,
    0.393939393939394,
    0.4040404040404041,
    0.4141414141414142,
    0.42424242424242425,
    0.43434343434343436,
    0.4444444444444445,
    0.4545454545454546,
    0.4646464646464647,
    0.4747474747474748,
    0.48484848484848486,
    0.494949494949495,
    0.5050505050505051,
    0.5151515151515152,
    0.5252525252525253,
    0.5353535353535354,
    0.5454545454545455,
    0.5555555555555556,
    0.5656565656565657,
    0.5757575757575758,
    0.5858585858585859,
    0.595959595959596,
    0.6060606060606061,
    0.6161616161616162,
    0.6262626262626263,
    0.6363636363636365,
    0.6464646464646465,
    0.6565656565656566,
    0.6666666666666667,
    0.6767676767676768,
    0.686868686868687,
    0.696969696969697,
    0.7070707070707072,
    0.7171717171717172,
    0.7272727272727273,
    0.7373737373737375,
    0.7474747474747475,
    0.7575757575757577,
    0.7676767676767677,
    0.7777777777777778,
    0.787878787878788,
    0.797979797979798,
    0.8080808080808082,
    0.8181818181818182,
    0.8282828282828284,
    0.8383838383838385,
    0.8484848484848485,
    0.8585858585858587,
    0.8686868686868687,
    0.8787878787878789,
    0.888888888888889,
    0.8989898989898991,
    0.9090909090909092,
    0.9191919191919192,
    0.9292929292929294,
    0.9393939393939394,
    0.9494949494949496,
    0.9595959595959597,
    0.9696969696969697,
    0.9797979797979799,
    0.98989898989899,
    1.0
  ],
  "mean_tpr": [
    0.614783673522844,
    0.6516364457890498,
    0.6644827744271784,
    0.7056182019396369,
    0.7790274312581446,
    0.8062491405221697,
    0.8310217472447596,
    0.8411144726244033,
    0.8432558002475297,
    0.8533485256271733,
    0.8738384771035106,
    0.890505798610429,
    0.8961636183852949,
    0.9002923861723933,
    0.904879542135696,
    0.9079376461112312,
    0.9125248020745339,
    0.9166535698616323,
    0.9200178116548468,
    0.9223113896364982,
    0.9238404416242658,
    0.9259817692473921,
    0.9267462952412759,
    0.9290398732229272,
    0.9330163906515005,
    0.9345454426392681,
    0.9360744946270357,
    0.9368390206209195,
    0.9394387364202503,
    0.9394387364202503,
    0.9417323144019016,
    0.945861082189,
    0.9466256081828839,
    0.9489191861645352,
    0.9522834279577497,
    0.9559538075686436,
    0.9570244713802067,
    0.9570244713802067,
    0.9588596611856537,
    0.9611532391673052,
    0.9611532391673052,
    0.9637529549666359,
    0.9652820069544035,
    0.9700230503768605,
    0.9707875763707443,
    0.9707875763707443,
    0.9707875763707443,
    0.9707875763707443,
    0.9718582401823075,
    0.9718582401823075,
    0.9744579559816382,
    0.9762931457870853,
    0.9762931457870853,
    0.9762931457870853,
    0.9773638095986484,
    0.9781283355925322,
    0.9781283355925322,
    0.9791989994040954,
    0.9813403270272216,
    0.9824109908387848,
    0.983481654650348,
    0.983481654650348,
    0.9856229822734743,
    0.9874581720789214,
    0.9874581720789214,
    0.9874581720789214,
    0.9874581720789214,
    0.9874581720789214,
    0.9874581720789214,
    0.9874581720789214,
    0.9874581720789214,
    0.9874581720789214,
    0.9874581720789214,
    0.9874581720789214,
    0.9874581720789214,
    0.9874581720789214,
    0.9874581720789214,
    0.9874581720789214,
    0.9874581720789214,
    0.9874581720789214,
    0.9885288358904845,
    0.9885288358904845,
    0.9885288358904845,
    0.9892933618843682,
    0.9892933618843682,
    0.9892933618843682,
    0.9892933618843682,
    0.9892933618843682,
    0.9903640256959314,
    0.9903640256959314,
    0.9914346895074946,
    0.9925053533190578,
    0.9935760171306209,
    0.9957173447537473,
    0.9978586723768736,
    0.9978586723768736,
    0.9989293361884368,
    1.0,
    1.0,
    1.0
  ],
  "mean_auc": 0.9469871302361949,
  "std_auc": 0.0041100990293990725,
  "recall_grid": [
    0.0,
    0.010101010101010102,
    0.020202020202020204,
    0.030303030303030304,
    0.04040404040404041,
    0.05050505050505051,
    0.06060606060606061,
    0.07070707070707072,
    0.08080808080808081,
    0.09090909090909091,
    0.10101010101010102,
    0.11111111111111112,
    0.12121212121212122,
    0.13131313131313133,
    0.14141414141414144,
    0.15151515151515152,
    0.16161616161616163,
    0.17171717171717174,
    0.18181818181818182,
    0.19191919191919193,
    0.20202020202020204,
    0.21212121212121213,
    0.22222222222222224,
    0.23232323232323235,
    0.24242424242424243,
    0.25252525252525254,
    0.26262626262626265,
    0.27272727272727276,
    0.2828282828282829,
    0.29292929292929293,
    0.30303030303030304,
    0.31313131313131315,
    0.32323232323232326,
    0.33333333333333337,
    0.3434343434343435,
    0.3535353535353536,
    0.36363636363636365,
    0.37373737373737376,
    0.38383838383838387,
    0.393939393939394,
    0.4040404040404041,
    0.4141414141414142,
    0.42424242424242425,
    0.43434343434343436,
    0.4444444444444445,
    0.4545454545454546,
    0.4646464646464647,
    0.4747474747474748,
    0.48484848484848486,
    0.494949494949495,
    0.5050505050505051,
    0.5151515151515152,
    0.5252525252525253,
    0.5353535353535354,
    0.5454545454545455,
    0.5555555555555556,
    0.5656565656565657,
    0.5757575757575758,
    0.5858585858585859,
    0.595959595959596,
    0.6060606060606061,
    0.6161616161616162,
    0.6262626262626263,
    0.6363636363636365,
    0.6464646464646465,
    0.6565656565656566,
    0.6666666666666667,
    0.6767676767676768,
    0.686868686868687,
    0.696969696969697,
    0.7070707070707072,
    0.7171717171717172,
    0.7272727272727273,
    0.7373737373737375,
    0.7474747474747475,
    0.7575757575757577,
    0.7676767676767677,
    0.7777777777777778,
    0.787878787878788,
    0.797979797979798,
    0.8080808080808082,
    0.8181818181818182,
    0.8282828282828284,
    0.8383838383838385,
    0.8484848484848485,
    0.8585858585858587,
    0.8686868686868687,
    0.8787878787878789,
    0.888888888888889,
    0.8989898989898991,
    0.9090909090909092,
    0.9191919191919192,
    0.9292929292929294,
    0.9393939393939394,
    0.9494949494949496,
    0.9595959595959597,
    0.9696969696969697,
    0.9797979797979799,
    0.98989898989899,
    1.0
  ],