{
    "roc_auc": 0.9529016104304036,
    "pr_ap": 0.9471360955402348,
    "optimal_threshold": 0.42,
    "optimal_f1": 0.8896210823206471,
    "accuracy": 0.9187878787878788,
    "precision": 0.9215017064846417,
    "recall": 0.8598726114649682,
    "f1": 0.8896210873146623,
    "balanced_accuracy": 0.907431413364578,
    "mcc": 0.8267422908633385
}