{
    "r2": 0.06895834680594659,
    "mse": 0.05435444057317988,
    "rmse": 0.2331403881209343,
    "mae": 0.1687832418159859,
    "best_inner_cv_score": -1886547.6378115371,
    "scoring_metric_used": "neg_mean_squared_error"
}