{
    "r2": 0.8169702950970678,
    "mse": 0.012781866793987141,
    "rmse": 0.11305691838179184,
    "mae": 0.06708572303167697,
    "best_inner_cv_score": -0.03515423371111675,
    "scoring_metric_used": "neg_mean_squared_error"
}