{
    "r2": 0.3539972189534807,
    "mse": 0.07907239307881717,
    "rmse": 0.28119813846968683,
    "mae": 0.1759486655636456,
    "best_inner_cv_score": -0.06698430704339474,
    "scoring_metric_used": "neg_mean_squared_error"
}