{
    "r2": 0.5258357745510851,
    "mse": 0.04374353014888465,
    "rmse": 0.20914954015939086,
    "mae": 0.1142999276300078
}