model_name,r2_mean,r2_std,mse_mean,mse_std,rmse_mean,rmse_std,mae_mean,mae_std,best_inner_cv_score_mean,best_inner_cv_score_std,scoring_metric_used_mean,scoring_metric_used_std
rf,0.705595580981746,0.010949123487148826,0.027183776321299147,0.0014192614261950912,0.16481880601542764,0.004305520287722034,0.09941640629148624,0.0006134328944783496,-0.022863955890108423,0.008592438527532298,N/A,N/A
en,0.7096291666988319,0.01573897495851867,0.026774482303646263,0.001049202202465507,0.1635976762530747,0.0032066537450154975,0.11244114857741272,0.007191607121534292,-0.03135294710851752,0.014616380578300985,N/A,N/A
