accuracy,precision,recall,f1,mcc,roc_auc,pr_auc
0.95,0.9596412556053812,0.8916666666666667,0.9244060475161987,0.8884641814643605,0.9869655797101449,0.9788088742679075
