{
    "accuracy_mean": 0.8553088566347882,
    "accuracy_std": 0.06620378406254519,
    "precision_mean": 0.7281358939518375,
    "precision_std": 0.20680308266671943,
    "recall_mean": 0.733066770820577,
    "recall_std": 0.18291419017247065,
    "f1_mean": 0.7272816309784954,
    "f1_std": 0.19009078944912786,
    "roc_auc_mean": 0.9226904631514925,
    "roc_auc_std": 0.05025090555002725,
    "pr_auc_mean": 0.8435360714879883,
    "pr_auc_std": 0.15847308988130232,
    "balanced_accuracy_mean": 0.8155137966842199,
    "balanced_accuracy_std": 0.11146359865982393,
    "mcc_mean": 0.6288034840137646,
    "mcc_std": 0.22519534049103757,
    "best_inner_cv_pr_auc_mean": 0.8933450410420715,
    "best_inner_cv_pr_auc_std": 0.03495147188399557,
    "default_threshold_mean": 0.5,
    "default_threshold_std": 0.0,
    "optimal_threshold_mean": 0.5589101910591125,
    "optimal_threshold_std": 0.3988647758960724,
    "optimal_f1_mean": 0.8139502621111825,
    "optimal_f1_std": 0.12629736145245962,
    "threshold_improvement_mean": 0.08666863113268718,
    "threshold_improvement_std": 0.06677262857007278,
    "threshold_used_mean": 0.5,
    "threshold_used_std": 0.0
}