{
    "best_params": {
        "subsample": 1.0,
        "scale_pos_weight": 7,
        "n_estimators": 100,
        "max_depth": 3,
        "learning_rate": 0.1,
        "gamma": 0.5,
        "colsample_bytree": 0.8
    },
    "pr_auc": 0.9348734660204339,
    "roc_auc": 0.9699041956141344,
    "f1": 0.8315297841306394,
    "balanced_acc": 0.9126228924084973
}