{
    "accuracy": 0.9785407725321889,
    "precision": 0.9166666666666666,
    "recall": 0.9935483870967742,
    "f1": 0.9535603715170279,
    "roc_auc": 0.995611954459203,
    "pr_auc": 0.9829956566347358,
    "balanced_accuracy": 0.9839065464895635,
    "mcc": 0.940924746390627,
    "best_inner_cv_pr_auc": 0.9348734660204339
}