{
    "accuracy": 0.8518024032042724,
    "precision": 0.8688524590163934,
    "recall": 0.7886904761904762,
    "f1": 0.8268330733229329,
    "roc_auc": 0.9522512394788423,
    "pr_auc": 0.9544012219930933,
    "balanced_accuracy": 0.8459190879741727,
    "mcc": 0.7003381469161879,
    "best_inner_cv_roc_auc": 0.9502912601516439
}