{
    "r2": 0.6644152124077378,
    "mse": 0.021665289205556944,
    "rmse": 0.14719133536168813,
    "mae": 0.11107619133922475,
    "best_inner_cv_score": -0.02712708632299282,
    "scoring_metric_used": "neg_mean_squared_error"
}