{
    "roc_auc": 0.08320898053313437,
    "pr_ap": 0.12660635713704915,
    "optimal_threshold": 4.559875340864823,
    "optimal_f1": 0.3647175391388308,
    "accuracy": 0.22303030303030302,
    "precision": 0.22303030303030302,
    "recall": 1.0,
    "f1": 0.3647175421209118,
    "balanced_accuracy": 0.5,
    "mcc": 0.0
}