{
    "r2": 0.780851105279374,
    "mse": 0.025495948427380136,
    "rmse": 0.15967450775681175,
    "mae": 0.1146201545539924,
    "best_inner_cv_score": -0.02013207533468443,
    "scoring_metric_used": "neg_mean_squared_error"
}