{
    "roc_auc": 0.23134072102014516,
    "pr_ap": 0.14583025623141216,
    "optimal_threshold": 2.097350804728672,
    "optimal_f1": 0.37108189788134605,
    "accuracy": 0.24606060606060606,
    "precision": 0.22795031055900622,
    "recall": 0.9972826086956522,
    "f1": 0.3710819009100101,
    "balanced_accuracy": 0.5138519127721631,
    "mcc": 0.07498333146702349
}