{
    "roc_auc": 0.9834519168291098,
    "pr_ap": 0.9735748777156236,
    "optimal_threshold": 0.43,
    "optimal_f1": 0.9294532577867362,
    "accuracy": 0.9515151515151515,
    "precision": 0.9343971631205674,
    "recall": 0.9245614035087719,
    "f1": 0.9294532627865961,
    "balanced_accuracy": 0.9451510721247564,
    "mcc": 0.8925493957598317
}