{
    "roc_auc": 0.9721604938271604,
    "pr_ap": 0.9560134624294503,
    "optimal_threshold": 0.0366137417011148,
    "optimal_f1": 0.891625610784052,
    "accuracy": 0.92,
    "precision": 0.8379629629629629,
    "recall": 0.9526315789473684,
    "f1": 0.8916256157635468,
    "balanced_accuracy": 0.9277046783625731,
    "mcc": 0.8329174066985988
}