{
    "accuracy_mean": 0.8592652483703067,
    "accuracy_std": 0.015109404214462607,
    "precision_mean": 0.821191541904615,
    "precision_std": 0.11660750115758606,
    "recall_mean": 0.7440196714011618,
    "recall_std": 0.14463129219626875,
    "f1_mean": 0.758664066033469,
    "f1_std": 0.027320782451379477,
    "roc_auc_mean": 0.9401214438096217,
    "roc_auc_std": 0.0019276716870311739,
    "pr_auc_mean": 0.8974846596947763,
    "pr_auc_std": 0.010402930308759883,
    "balanced_accuracy_mean": 0.8339082919457708,
    "balanced_accuracy_std": 0.04510187453762915,
    "mcc_mean": 0.6841850009659568,
    "mcc_std": 0.02399078847133862,
    "best_inner_cv_roc_auc_mean": 0.9417815250034285,
    "best_inner_cv_roc_auc_std": 0.004301748939949723
}