{
    "r2_mean": -369757839.1243081,
    "r2_std": 369757839.69640565,
    "mse_mean": 37132442.72255351,
    "mse_std": 37132442.68736558,
    "rmse_mean": 4308.947625029528,
    "rmse_std": 4308.760040580804,
    "mae_mean": 100.38383945595969,
    "mae_std": 100.24437006853704,
    "best_inner_cv_score_mean": -37137.715898542534,
    "best_inner_cv_score_std": 37137.68608266443,
    "scoring_metric_used_mean": "N/A",
    "scoring_metric_used_std": "N/A"
}