MSE,RMSE,MAE,R2
0.038388727625220345,0.1959304152632264,0.13129743743591063,0.6782130193355177
