{
    "colsample_bytree": 0.6125253169822235,
    "gamma": 0.42114238729749925,
    "learning_rate": 0.09995082667395314,
    "max_depth": 4,
    "n_estimators": 369,
    "reg_alpha": 0.7272719958564209,
    "reg_lambda": 0.6530815376116708,
    "subsample": 0.8281775897621597
}