{
    "r2": 0.9743579675266428,
    "mse": 0.002936053389787083,
    "rmse": 0.054185361397586736,
    "mae": 0.0318746784723015,
    "best_inner_cv_score": -0.06018746442151144,
    "scoring_metric_used": "neg_mean_squared_error"
}