{
    "r2": 0.7958258343394088,
    "mse": 0.023753777104474974,
    "rmse": 0.15412260413214857,
    "mae": 0.10216006683047257,
    "best_inner_cv_score": -0.025108377480832462,
    "scoring_metric_used": "neg_mean_squared_error"
}