{
    "accuracy": 0.9599427753934192,
    "precision": 0.9090909090909091,
    "recall": 0.7317073170731707,
    "f1": 0.8108108108108109,
    "roc_auc": 0.9263153733644306,
    "pr_auc": 0.8117784981441721,
    "balanced_accuracy": 0.8609914219077361,
    "mcc": 0.794515845749295,
    "best_inner_cv_pr_auc": 0.9359688318570659
}