accuracy,precision,recall,f1_score,roc_auc,pr_auc,mcc,log_loss,model,training_time
0.9872495446265938,0.9489795918367347,0.9789473684210527,0.9637305699481865,0.9933456990493856,0.9896105196016852,0.9561680637328831,0.04985087517508556,XGBoost,129.8925802707672
