{
    "r2": -3130.2112781601695,
    "mse": 288.8666575785013,
    "rmse": 16.996077711592793,
    "mae": 14.285697706369207
}