{
    "roc_auc": 0.06034762833008446,
    "pr_ap": 0.21377873869846742,
    "optimal_threshold": 0.7659414788737001,
    "optimal_f1": 0.513513509696859,
    "accuracy": 0.34545454545454546,
    "precision": 0.34545454545454546,
    "recall": 1.0,
    "f1": 0.5135135135135135,
    "balanced_accuracy": 0.5,
    "mcc": 0.0
}