{
    "accuracy": 0.8133333333333334,
    "precision": 0.6838709677419355,
    "recall": 0.5380710659898477,
    "f1": 0.6022727272727273,
    "roc_auc": 0.9017036744659954,
    "pr_auc": 0.8239155914357004,
    "balanced_accuracy": 0.7247317355265694,
    "mcc": 0.48850132739874746,
    "best_inner_cv_roc_auc": 0.9482249904743609
}