{
    "r2": 0.7253681416573506,
    "mse": 0.025725280101180754,
    "rmse": 0.1603910225080592,
    "mae": 0.10524954145587843,
    "best_inner_cv_score": -0.01673656653021654,
    "scoring_metric_used": "neg_mean_squared_error"
}