{
    "r2": 0.3479176931415513,
    "mse": 0.0907376388442555,
    "rmse": 0.30122688931145486,
    "mae": 0.16015065375751275
}