{
    "r2": 0.5833347888077827,
    "mse": 0.03843901806493794,
    "rmse": 0.19605871076016476,
    "mae": 0.14634230074324284
}