{
    "accuracy_mean": 0.892777036048064,
    "accuracy_std": 0.046607950093746395,
    "precision_mean": 0.8776777309126474,
    "precision_std": 0.12362342675343863,
    "recall_mean": 0.757845422433225,
    "recall_std": 0.14266953158087134,
    "f1_mean": 0.7993038519848941,
    "f1_std": 0.1043169574713445,
    "roc_auc_mean": 0.9344878088778474,
    "roc_auc_std": 0.05295477355769503,
    "pr_auc_mean": 0.9018612839191544,
    "pr_auc_std": 0.06231418359047925,
    "balanced_accuracy_mean": 0.8504267051870469,
    "balanced_accuracy_std": 0.06756922389202238,
    "mcc_mean": 0.7378461243042079,
    "mcc_std": 0.11483054260696571,
    "best_inner_cv_roc_auc_mean": 0.936934458585462,
    "best_inner_cv_roc_auc_std": 0.01870606892938605
}