{
    "r2": -17936.868898672994,
    "mse": 1654.8395405261965,
    "rmse": 40.67971903204589,
    "mae": 32.11975608139566
}