{
    "r2": 0.622907165762671,
    "mse": 0.05247269101446581,
    "rmse": 0.22906918390404635,
    "mae": 0.1455970234769836
}