{
    "roc_auc": 0.36873131903833656,
    "pr_ap": 0.27087035757986866,
    "optimal_threshold": 6.0,
    "optimal_f1": 0.5248697260436581,
    "accuracy": 0.39212121212121215,
    "precision": 0.3595068137573005,
    "recall": 0.9719298245614035,
    "f1": 0.5248697299857887,
    "balanced_accuracy": 0.5290204678362573,
    "mcc": 0.11111409216283537
}