{
    "accuracy": 0.7386666666666667,
    "precision": 0.3502824858757062,
    "recall": 0.43356643356643354,
    "f1": 0.3875,
    "roc_auc": 0.8374097072614372,
    "pr_auc": 0.5472173251143596,
    "balanced_accuracy": 0.6220550454487852,
    "mcc": 0.22583130934941736,
    "best_inner_cv_pr_auc": 0.9200877469327002
}