{
    "r2": -2988.5253507835505,
    "mse": 275.79556890663025,
    "rmse": 16.607093933215115,
    "mae": 13.84482099404044
}