{
    "regressor__alpha": 0.019069966103000432,
    "regressor__l1_ratio": 0.7851759613930136,
    "regressor__max_iter": 5000
}