{
    "r2": 0.8673628428205387,
    "mse": 0.014226135016945364,
    "rmse": 0.11927336256241527,
    "mae": 0.0743829668095547,
    "best_inner_cv_score": -0.02822192865390695,
    "scoring_metric_used": "neg_mean_squared_error"
}