{
    "r2": 0.7138607939052163,
    "mse": 0.028884710707716955,
    "rmse": 0.16995502554416259,
    "mae": 0.11245266630996173,
    "best_inner_cv_score": -0.018806732143137706,
    "scoring_metric_used": "neg_mean_squared_error"
}