{
    "roc_auc": 0.6385287995313298,
    "pr_ap": 0.5789380044437248,
    "optimal_threshold": 0.3204183838453626,
    "optimal_f1": 0.5729068631938399,
    "accuracy": 0.4496969696969697,
    "precision": 0.40654205607476634,
    "recall": 0.9697452229299363,
    "f1": 0.5729068673565381,
    "balanced_accuracy": 0.549941104615653,
    "mcc": 0.16769329906788746
}