{
    "accuracy": 0.8739177489177489,
    "precision": 0.9667405764966741,
    "recall": 0.6666666666666666,
    "f1": 0.7891402714932126,
    "roc_auc": 0.9163785287292733,
    "pr_auc": 0.8980071354345193,
    "balanced_accuracy": 0.8270519262981575,
    "mcc": 0.7282009994209572,
    "best_inner_cv_roc_auc": 0.9437176945311168
}