{
    "r2": 0.18046725944574704,
    "mse": 0.04872735701338535,
    "rmse": 0.22074273943526512,
    "mae": 0.1363976601802448,
    "best_inner_cv_score": -0.026382234412381703,
    "scoring_metric_used": "neg_mean_squared_error"
}