{
    "r2": 0.3214080467846655,
    "mse": 0.03961636503366331,
    "rmse": 0.19903860186823888,
    "mae": 0.1373355279181693,
    "best_inner_cv_score": -0.02063986100562294,
    "scoring_metric_used": "neg_mean_squared_error"
}