{
    "r2": 0.8792541908569433,
    "mse": 0.012950716225584422,
    "rmse": 0.11380121363845125,
    "mae": 0.07545965655742612,
    "best_inner_cv_score": -0.026978992354440613,
    "scoring_metric_used": "neg_mean_squared_error"
}