accuracy,precision,recall,f1,mcc,roc_auc,pr_auc
0.9425901201602136,0.9224806201550387,0.7828947368421053,0.8469750889679716,0.8160726906863083,0.9656175614916689,0.9151316174048248
