{
    "roc_auc": 0.9117653293088245,
    "pr_ap": 0.688869927640149,
    "optimal_threshold": 0.3548290924040704,
    "optimal_f1": 0.722499995032,
    "accuracy": 0.8654545454545455,
    "precision": 0.6689814814814815,
    "recall": 0.7853260869565217,
    "f1": 0.7225,
    "balanced_accuracy": 0.8368908125890253,
    "mcc": 0.6380013055945766
}