{
    "r2": 0.6950637244335298,
    "mse": 0.036378462551833246,
    "rmse": 0.19073138848085086,
    "mae": 0.12717247555083627,
    "best_inner_cv_score": -0.023432337724184165,
    "scoring_metric_used": "neg_mean_squared_error"
}