{
    "accuracy": 0.949928469241774,
    "precision": 0.9689922480620154,
    "recall": 0.9025270758122743,
    "f1": 0.9345794392523364,
    "roc_auc": 0.9583041045733741,
    "pr_auc": 0.9618347701516865,
    "balanced_accuracy": 0.9417848649203552,
    "mcc": 0.8955870214162791,
    "best_inner_cv_pr_auc": 0.908397699450628
}