{
    "accuracy": 0.8293333333333334,
    "precision": 0.7017543859649122,
    "recall": 0.6091370558375635,
    "f1": 0.6521739130434783,
    "roc_auc": 0.9001569656970286,
    "pr_auc": 0.8067005664745995,
    "balanced_accuracy": 0.7584564121864128,
    "mcc": 0.5422201447764525,
    "best_inner_cv_pr_auc": 0.950617323624971
}