accuracy,precision,recall,f1,roc_auc,pr_auc,mcc,log_loss
0.8782657031684269,0.7230215827338129,0.860813704496788,0.7859237536656891,0.9406199561445814,0.8813493895219218,0.7069835764109735,0.33505972858510336
