{
    "accuracy": 0.8173333333333334,
    "precision": 0.689873417721519,
    "recall": 0.5532994923857868,
    "f1": 0.6140845070422535,
    "roc_auc": 0.8831294003176031,
    "pr_auc": 0.7469861004362062,
    "balanced_accuracy": 0.732345948724539,
    "mcc": 0.5015005133466078,
    "best_inner_cv_pr_auc": 0.9163677598791522
}