{
    "roc_auc": 0.9405056637048091,
    "pr_ap": 0.8479303736873431,
    "optimal_threshold": 0.6561114440729492,
    "optimal_f1": 0.8147174720093383,
    "accuracy": 0.9145454545454546,
    "precision": 0.7888040712468194,
    "recall": 0.842391304347826,
    "f1": 0.8147174770039421,
    "balanced_accuracy": 0.888824357322119,
    "mcc": 0.7599542820034918
}