{
    "roc_auc": 0.9700438596491228,
    "pr_ap": 0.954804956549713,
    "optimal_threshold": 0.2569322772709319,
    "optimal_f1": 0.8927973149432255,
    "accuracy": 0.9224242424242424,
    "precision": 0.8541666666666666,
    "recall": 0.9350877192982456,
    "f1": 0.8927973199329984,
    "balanced_accuracy": 0.9254142300194932,
    "mcc": 0.8343059462420944
}