{
    "r2": 0.598005695139603,
    "mse": 0.02595267484046152,
    "rmse": 0.161098339036942,
    "mae": 0.10073571061945634,
    "best_inner_cv_score": -0.023211357378509333,
    "scoring_metric_used": "neg_mean_squared_error"
}