{
    "r2": 0.25509998413322454,
    "mse": 0.06871998044796299,
    "rmse": 0.2621449607525634,
    "mae": 0.18597110940270567
}