{
    "r2": 0.4412259824372028,
    "mse": 0.03795486618483583,
    "rmse": 0.19482008670780288,
    "mae": 0.15029991618001992,
    "best_inner_cv_score": -0.11648697727829153,
    "scoring_metric_used": "neg_mean_squared_error"
}