{
    "r2": -0.059612379700344054,
    "mse": 0.0739979573139362,
    "rmse": 0.2720256556171425,
    "mae": 0.23726550729220128,
    "best_inner_cv_score": -251396.45693959645,
    "scoring_metric_used": "neg_mean_squared_error"
}