{
    "r2": 0.5615915464139706,
    "mse": 0.06707220089358584,
    "rmse": 0.25898301275100233,
    "mae": 0.14966809897065636,
    "best_inner_cv_score": -0.023618352474564775,
    "scoring_metric_used": "neg_mean_squared_error"
}