{
    "accuracy": 0.9885714285714285,
    "precision": 0.9872611464968153,
    "recall": 0.9872611464968153,
    "f1": 0.9872611464968153,
    "roc_auc": 0.9881852084089634,
    "pr_auc": 0.9932076437651597,
    "balanced_accuracy": 0.9884492260981486,
    "mcc": 0.9768984521962971,
    "best_inner_cv_pr_auc": 0.9447626472190773
}