{
    "r2": 0.6494654017323583,
    "mse": 0.022630446101297844,
    "rmse": 0.1504341919288891,
    "mae": 0.09867998555598238,
    "best_inner_cv_score": -0.024534420832975815,
    "scoring_metric_used": "neg_mean_squared_error"
}