{
    "accuracy": 0.8344459279038718,
    "precision": 0.9065420560747663,
    "recall": 0.4597156398104265,
    "f1": 0.610062893081761,
    "roc_auc": 0.9104723479976742,
    "pr_auc": 0.8469072734173423,
    "balanced_accuracy": 0.7205641396078155,
    "mcc": 0.5670715540966591,
    "best_inner_cv_roc_auc": 0.9521661673406943
}