{
    "best_params": {
        "subsample": 0.8,
        "reg_lambda": 1,
        "reg_alpha": 0.5,
        "num_leaves": 50,
        "n_estimators": 500,
        "max_depth": 30,
        "learning_rate": 0.05,
        "colsample_bytree": 0.6,
        "class_weight": null
    },
    "pr_auc": 0.8264568148840491,
    "roc_auc": 0.9003161827782377,
    "f1": 0.732860369664407,
    "balanced_acc": 0.8164742785596829
}