{
    "accuracy": 0.9041487839771102,
    "precision": 0.9305019305019305,
    "recall": 0.8310344827586207,
    "f1": 0.8779599271402551,
    "roc_auc": 0.9619762246016356,
    "pr_auc": 0.9603414349643303,
    "balanced_accuracy": 0.8935123514037602,
    "mcc": 0.8029209627992347,
    "best_inner_cv_pr_auc": 0.8264568148840491
}