{
    "accuracy_mean": 0.857349918537067,
    "accuracy_std": 0.06437894024351937,
    "precision_mean": 0.739026441612058,
    "precision_std": 0.2034312589693257,
    "recall_mean": 0.7330364852201212,
    "recall_std": 0.16922576943550036,
    "f1_mean": 0.730959522714513,
    "f1_std": 0.17952883882849513,
    "roc_auc_mean": 0.9194264958171046,
    "roc_auc_std": 0.05344166101069048,
    "pr_auc_mean": 0.8445573438828307,
    "pr_auc_std": 0.14611909962551115,
    "balanced_accuracy_mean": 0.8185402730405149,
    "balanced_accuracy_std": 0.1046590620836782,
    "mcc_mean": 0.6363641881364313,
    "mcc_std": 0.21345270294426866,
    "best_inner_cv_pr_auc_mean": 0.8944310805186753,
    "best_inner_cv_pr_auc_std": 0.03636849352680731,
    "default_threshold_mean": 0.5,
    "default_threshold_std": 0.0,
    "optimal_threshold_mean": 0.5532321388982321,
    "optimal_threshold_std": 0.4546732622544448,
    "optimal_f1_mean": 0.809072681546958,
    "optimal_f1_std": 0.1479304972424117,
    "threshold_improvement_mean": 0.07811315883244503,
    "threshold_improvement_std": 0.04915846271545288,
    "threshold_used_mean": 0.5,
    "threshold_used_std": 0.0
}