{
    "r2": 0.7800127632523054,
    "mse": 0.025593481773892757,
    "rmse": 0.15997962924664114,
    "mae": 0.11477001245710985,
    "best_inner_cv_score": -0.020154356552638003,
    "scoring_metric_used": "neg_mean_squared_error"
}