{
    "accuracy": 0.8816008893829905,
    "precision": 0.725177304964539,
    "recall": 0.8758029978586723,
    "f1": 0.7934044616876819,
    "roc_auc": 0.9427628913710283,
    "pr_auc": 0.9020512458764763,
    "balanced_accuracy": 0.879718315746153,
    "mcc": 0.7176770581653663,
    "best_inner_cv_roc_auc": 0.9465010120289155
}