{
    "r2": 0.6102478342531816,
    "mse": 0.059628265253217766,
    "rmse": 0.24418899494698315,
    "mae": 0.14445617307761785,
    "best_inner_cv_score": -0.04284247734287633,
    "scoring_metric_used": "neg_mean_squared_error"
}