{
    "r2": 0.6946464574945972,
    "mse": 0.028603037747494234,
    "rmse": 0.16912432630314964,
    "mae": 0.09880297339700789,
    "best_inner_cv_score": -0.014271517362576121,
    "scoring_metric_used": "neg_mean_squared_error"
}