{
    "roc_auc": 0.9281693006850709,
    "pr_ap": 0.8305038798920378,
    "optimal_threshold": 0.4339334448369845,
    "optimal_f1": 0.8072916616753473,
    "accuracy": 0.9103030303030303,
    "precision": 0.775,
    "recall": 0.842391304347826,
    "f1": 0.8072916666666666,
    "balanced_accuracy": 0.8860942481177507,
    "mcc": 0.7500776882144853
}