MSE,RMSE,MAE,R2
0.022542006527908862,0.15013995646698736,0.08493543423452052,0.8085573996444678
