{
    "r2_mean": 0.6751756403542519,
    "r2_std": 0.01171321421732846,
    "mse_mean": 0.029772288186670794,
    "mse_std": 0.0040240531770887634,
    "rmse_mean": 0.1721501892091079,
    "rmse_std": 0.011687623451290013,
    "mae_mean": 0.1266993210157256,
    "mae_std": 0.010657791823709607,
    "best_inner_cv_score_mean": -0.025261820085221206,
    "best_inner_cv_score_std": 0.0016950823049204679,
    "scoring_metric_used_mean": "N/A",
    "scoring_metric_used_std": "N/A"
}