{
    "r2": 0.7386766581278388,
    "mse": 0.021489541072730635,
    "rmse": 0.14659311400175193,
    "mae": 0.09130982043771596,
    "best_inner_cv_score": -0.029173733677855113,
    "scoring_metric_used": "neg_mean_squared_error"
}