{
    "r2": 0.8483042654830689,
    "mse": 0.021432664374682487,
    "rmse": 0.14639899034721,
    "mae": 0.11620917763130088,
    "best_inner_cv_score": -0.038465114701043635,
    "scoring_metric_used": "neg_mean_squared_error"
}