{
    "accuracy": 0.9141630901287554,
    "precision": 0.94921875,
    "recall": 0.8379310344827586,
    "f1": 0.8901098901098901,
    "roc_auc": 0.9655762583256049,
    "pr_auc": 0.9638692039803092,
    "balanced_accuracy": 0.903073096703482,
    "mcc": 0.8244277750729098,
    "best_inner_cv_roc_auc": 0.8956187389284355
}