{
    "accuracy": 0.9096320346320347,
    "precision": 0.8684931506849315,
    "recall": 0.7270642201834863,
    "f1": 0.7915106117353309,
    "roc_auc": 0.9384453699612756,
    "pr_auc": 0.8814791613236784,
    "balanced_accuracy": 0.846534942952933,
    "mcc": 0.7391296330482955,
    "best_inner_cv_roc_auc": 0.9570298649134984
}