{
    "r2": 0.8237427073046601,
    "mse": 0.02050590695535493,
    "rmse": 0.14319883712989756,
    "mae": 0.08989599188296499,
    "best_inner_cv_score": -0.019858382517336952,
    "scoring_metric_used": "neg_mean_squared_error"
}