{
    "roc_auc": 0.9854077322936973,
    "pr_ap": 0.9751650207666112,
    "optimal_threshold": 0.66,
    "optimal_f1": 0.9310954013606738,
    "accuracy": 0.9527272727272728,
    "precision": 0.9377224199288257,
    "recall": 0.9245614035087719,
    "f1": 0.931095406360424,
    "balanced_accuracy": 0.9460769980506822,
    "mcc": 0.8951720736594605
}