{
    "accuracy": 0.9155937052932761,
    "precision": 0.9676113360323887,
    "recall": 0.8241379310344827,
    "f1": 0.8901303538175046,
    "roc_auc": 0.9770929938453755,
    "pr_auc": 0.9728321831207581,
    "balanced_accuracy": 0.9022890144169968,
    "mcc": 0.8292989733476835,
    "best_inner_cv_pr_auc": 0.9380038887907953
}