{
    "roc_auc": 0.9802079272254711,
    "pr_ap": 0.968909794220921,
    "optimal_threshold": 0.017389882108462,
    "optimal_f1": 0.8916459834364681,
    "accuracy": 0.9206060606060606,
    "precision": 0.8435054773082942,
    "recall": 0.9456140350877194,
    "f1": 0.891645988420182,
    "balanced_accuracy": 0.9265107212475634,
    "mcc": 0.8326898040271306
}