{
    "r2": 0.520376874240353,
    "mse": 0.0733776421987903,
    "rmse": 0.2708830784652122,
    "mae": 0.15925972738071364,
    "best_inner_cv_score": -0.024383250324980177,
    "scoring_metric_used": "neg_mean_squared_error"
}