{
    "roc_auc": 0.898709287397011,
    "pr_ap": 0.8779495601507981,
    "optimal_threshold": 87.38672820512821,
    "optimal_f1": 0.7680763934654907,
    "accuracy": 0.793939393939394,
    "precision": 0.6718377088305489,
    "recall": 0.8964968152866242,
    "f1": 0.7680763983628922,
    "balanced_accuracy": 0.8137082902264823,
    "mcc": 0.6093421733614608
}