{
    "roc_auc": 0.9170256660168941,
    "pr_ap": 0.8927218974633648,
    "optimal_threshold": 0.6164783151424669,
    "optimal_f1": 0.7966456974961434,
    "accuracy": 0.8824242424242424,
    "precision": 0.9895833333333334,
    "recall": 0.6666666666666666,
    "f1": 0.7966457023060797,
    "balanced_accuracy": 0.8314814814814815,
    "mcc": 0.7460296827729159
}