{
    "r2": 0.8607971424378138,
    "mse": 0.016194965901488546,
    "rmse": 0.12725944327038582,
    "mae": 0.07606538156771242,
    "best_inner_cv_score": -0.02017069878341205,
    "scoring_metric_used": "neg_mean_squared_error"
}