{
    "r2": 0.002136649400185764,
    "mse": 0.05933044688655877,
    "rmse": 0.2435784204041047,
    "mae": 0.20516294589872033,
    "best_inner_cv_score": -7462987.138204493,
    "scoring_metric_used": "neg_mean_squared_error"
}