{
    "roc_auc": 0.9714400584795321,
    "pr_ap": 0.9549752108264233,
    "optimal_threshold": 0.038459388971684,
    "optimal_f1": 0.8945634217072105,
    "accuracy": 0.9224242424242424,
    "precision": 0.843167701863354,
    "recall": 0.9526315789473684,
    "f1": 0.8945634266886326,
    "balanced_accuracy": 0.9295565302144249,
    "mcc": 0.8374477168213945
}