{
    "accuracy": 0.93,
    "precision": 0.0,
    "recall": 0.0,
    "f1": 0.0,
    "roc_auc": 0.4674859190988223,
    "pr_auc": 0.16156414333399274,
    "balanced_accuracy": 0.5,
    "mcc": 0.0,
    "best_inner_cv_pr_auc": 0.9749853587199082
}