{
    "accuracy": 0.890520694259012,
    "precision": 0.7558139534883721,
    "recall": 0.9112149532710281,
    "f1": 0.826271186440678,
    "roc_auc": 0.9708970215739365,
    "pr_auc": 0.9536835571027605,
    "balanced_accuracy": 0.8967289719626168,
    "mcc": 0.7543225505721739,
    "best_inner_cv_pr_auc": 0.8996528257740785
}