{
    "r2": 0.7625898186975588,
    "mse": 0.033049685057117986,
    "rmse": 0.18179572342912245,
    "mae": 0.12148837649308689
}