{
    "accuracy": 0.877153974430239,
    "precision": 0.881578947368421,
    "recall": 0.7824817518248175,
    "f1": 0.8290796597061099,
    "roc_auc": 0.947994338806694,
    "pr_auc": 0.9404300398918591,
    "balanced_accuracy": 0.8589248974563943,
    "mcc": 0.7369088825121891,
    "best_inner_cv_roc_auc": 0.9368379988954412
}