{
    "r2": 0.5350582276950154,
    "mse": 0.056910062397725544,
    "rmse": 0.23855829978796703,
    "mae": 0.1668558635056524,
    "best_inner_cv_score": -0.0292047552837395,
    "scoring_metric_used": "neg_mean_squared_error"
}