{
    "r2": -717.0899078709831,
    "mse": 66.24664166687194,
    "rmse": 8.13920399467122,
    "mae": 7.07916456393466
}