{
    "accuracy": 0.7997329773030708,
    "precision": 0.25,
    "recall": 1.0,
    "f1": 0.4,
    "roc_auc": 0.9998855507868383,
    "pr_auc": 0.9984226059654632,
    "balanced_accuracy": 0.8927038626609443,
    "mcc": 0.4431161600872531,
    "best_inner_cv_pr_auc": 0.4412956086567663
}