{
    "r2": 0.19763187850196662,
    "mse": 0.04684244816347534,
    "rmse": 0.21643116264409648,
    "mae": 0.12477689066604097,
    "best_inner_cv_score": -0.024126815217425535,
    "scoring_metric_used": "neg_mean_squared_error"
}