{
    "r2": 0.7050538711915706,
    "mse": 0.029619575427214224,
    "rmse": 0.17210338586795504,
    "mae": 0.10861011685242795,
    "best_inner_cv_score": -0.024422113972970682,
    "scoring_metric_used": "neg_mean_squared_error"
}