{
    "r2": -0.09028019918185604,
    "mse": 0.151713134847993,
    "rmse": 0.38950370325324635,
    "mae": 0.33484313217685807
}