{
    "roc_auc": 0.6370873944119557,
    "pr_ap": 0.5589655567514422,
    "optimal_threshold": 0.395085096573419,
    "optimal_f1": 0.5367346897527072,
    "accuracy": 0.4496969696969697,
    "precision": 0.37841726618705035,
    "recall": 0.9228070175438596,
    "f1": 0.536734693877551,
    "balanced_accuracy": 0.5614035087719298,
    "mcc": 0.16027966122265344
}