{
    "r2": 0.350221901201329,
    "mse": 0.03793420513007372,
    "rmse": 0.19476705350257195,
    "mae": 0.11018488084887064,
    "best_inner_cv_score": -0.024565375899225344,
    "scoring_metric_used": "neg_mean_squared_error"
}