{
    "r2": 0.8047786459467188,
    "mse": 0.020938667565041313,
    "rmse": 0.14470199571893028,
    "mae": 0.08751555254835401,
    "best_inner_cv_score": -0.027406609123688513,
    "scoring_metric_used": "neg_mean_squared_error"
}