{
    "best_params": {
        "subsample": 1.0,
        "scale_pos_weight": 5,
        "n_estimators": 100,
        "max_depth": 3,
        "learning_rate": 0.01,
        "gamma": 1,
        "colsample_bytree": 1.0
    },
    "pr_auc": 0.5371907155730778,
    "roc_auc": 0.8978570942814148,
    "f1": 0.5337640193892443,
    "balanced_acc": 0.7674761950327093
}