{
    "accuracy": 0.9293333333333333,
    "precision": 0.4107142857142857,
    "recall": 0.5348837209302325,
    "f1": 0.46464646464646464,
    "roc_auc": 0.8960724976152101,
    "pr_auc": 0.3091103693177786,
    "balanced_accuracy": 0.7441038123745929,
    "mcc": 0.43179215124941106,
    "best_inner_cv_pr_auc": 0.5371907155730778
}