{
    "accuracy": 0.9470672389127325,
    "precision": 1.0,
    "recall": 0.8664259927797834,
    "f1": 0.9284332688588007,
    "roc_auc": 0.9552372234674149,
    "pr_auc": 0.9595592385883814,
    "balanced_accuracy": 0.9332129963898916,
    "mcc": 0.892515195739222,
    "best_inner_cv_roc_auc": 0.9497082718349854
}