{
    "accuracy": 0.9109195402298851,
    "precision": 0.8134328358208955,
    "recall": 0.9478260869565217,
    "f1": 0.8755020080321285,
    "roc_auc": 0.9853704049262921,
    "pr_auc": 0.9808973088174958,
    "balanced_accuracy": 0.920264974808733,
    "mcc": 0.8124951693641514,
    "best_inner_cv_pr_auc": 0.9563032052479278
}