{
    "r2_mean": 0.7280408987879299,
    "r2_std": 0.16028989822831097,
    "mse_mean": 0.03382644999113027,
    "mse_std": 0.023901384180692833,
    "rmse_mean": 0.16988943420906444,
    "rmse_std": 0.07045587367462157,
    "mae_mean": 0.11623280898218827,
    "mae_std": 0.041415403173608804,
    "best_inner_cv_score_mean": -0.03655004958546497,
    "best_inner_cv_score_std": 0.011260277078077861,
    "scoring_metric_used": "neg_mean_squared_error"
}