{
    "r2": 0.8299090750285608,
    "mse": 0.02403166918108218,
    "rmse": 0.15502151199456862,
    "mae": 0.11223350495560039,
    "best_inner_cv_score": -0.036858366581456865,
    "scoring_metric_used": "neg_mean_squared_error"
}