{
    "accuracy": 0.9399198931909212,
    "precision": 0.928,
    "recall": 0.7631578947368421,
    "f1": 0.8375451263537906,
    "roc_auc": 0.9866327250286521,
    "pr_auc": 0.9614825582851022,
    "balanced_accuracy": 0.8740412589262101,
    "mcc": 0.8068841117334432,
    "best_inner_cv_roc_auc": 0.9378529092581184
}