{
    "accuracy": 0.748211731044349,
    "precision": 0.3898916967509025,
    "recall": 0.9391304347826087,
    "f1": 0.5510204081632653,
    "roc_auc": 0.8634455032757594,
    "pr_auc": 0.39614770332374544,
    "balanced_accuracy": 0.8248734365693866,
    "mcc": 0.49249682140308304,
    "best_inner_cv_pr_auc": 0.5618515318245594
}