{
    "accuracy": 0.9356223175965666,
    "precision": 0.967741935483871,
    "recall": 0.8664259927797834,
    "f1": 0.9142857142857143,
    "roc_auc": 0.9410833746813352,
    "pr_auc": 0.9504621852469394,
    "balanced_accuracy": 0.9237343234041098,
    "mcc": 0.866374454784681,
    "best_inner_cv_pr_auc": 0.9473984820024398
}