accuracy,precision,recall,f1,mcc,roc_auc,pr_auc
0.8982768204558088,0.7544802867383512,0.9014989293361885,0.8214634146341463,0.7569408175495035,0.9419639125206578,0.8967294926080792
