{
    "accuracy": 0.9584527220630372,
    "precision": 0.6962025316455697,
    "recall": 0.9166666666666666,
    "f1": 0.7913669064748201,
    "roc_auc": 0.9853970741901776,
    "pr_auc": 0.8726642505541038,
    "balanced_accuracy": 0.9395245559038663,
    "mcc": 0.777750383367077,
    "best_inner_cv_pr_auc": 0.946757252279084
}