{
    "roc_auc": 0.6034336210404938,
    "pr_ap": 0.25734559500621756,
    "optimal_threshold": 1941.0,
    "optimal_f1": 0.45326504121253663,
    "accuracy": 0.4824242424242424,
    "precision": 0.2964824120603015,
    "recall": 0.9619565217391305,
    "f1": 0.4532650448143406,
    "balanced_accuracy": 0.6533651563453843,
    "mcc": 0.2855223007675711
}