{
    "r2": -189120982.28055364,
    "mse": 17447160.688023895,
    "rmse": 4176.979852480006,
    "mae": 4157.664919624178
}