{
    "accuracy": 0.9413447782546495,
    "precision": 0.9836065573770492,
    "recall": 0.8664259927797834,
    "f1": 0.9213051823416507,
    "roc_auc": 0.9512122093520625,
    "pr_auc": 0.9539473459555504,
    "balanced_accuracy": 0.9284736598970007,
    "mcc": 0.8793254102269765,
    "best_inner_cv_pr_auc": 0.9025483309672562
}