accuracy,precision,recall,f1_score,roc_auc,pr_auc,mcc,log_loss,model,training_time
0.9817850637522769,0.9473684210526315,0.9473684210526315,0.9473684210526315,0.9890795270113609,0.986317212443756,0.9363552051936007,0.13093587063545067,RF,381.99914956092834
