{
    "accuracy_mean": 0.8761559452220931,
    "accuracy_std": 0.013454444388296516,
    "precision_mean": 0.8022040445353329,
    "precision_std": 0.03368552601681435,
    "recall_mean": 0.7785441639322306,
    "recall_std": 0.01707627402397377,
    "f1_mean": 0.790117499457138,
    "f1_std": 0.02514054093179241,
    "roc_auc_mean": 0.9310389977445477,
    "roc_auc_std": 0.0024342460114624154,
    "pr_auc_mean": 0.8956058448911262,
    "pr_auc_std": 0.020203241254207083,
    "balanced_accuracy_mean": 0.8475541322048996,
    "balanced_accuracy_std": 0.0022309521232923846,
    "mcc_mean": 0.6997604312158219,
    "mcc_std": 0.006904689628298766,
    "best_inner_cv_pr_auc_mean": 0.8848976380237756,
    "best_inner_cv_pr_auc_std": 0.03320971119896127,
    "default_threshold_mean": 0.5,
    "default_threshold_std": 0.0,
    "optimal_threshold_mean": 0.5429109811433515,
    "optimal_threshold_std": 0.3884736409277621,
    "optimal_f1_mean": 0.8017893920346644,
    "optimal_f1_std": 0.023283494262711646,
    "threshold_improvement_mean": 0.011671892577526377,
    "threshold_improvement_std": 0.001857046669080764,
    "threshold_used_mean": 0.5,
    "threshold_used_std": 0.0
}