{
    "r2": -0.25742421288635353,
    "mse": 0.17497132325608644,
    "rmse": 0.41829573659802755,
    "mae": 0.2797388654233222
}