{
    "r2": 0.8296523157569433,
    "mse": 0.019818378631210297,
    "rmse": 0.14077776326966662,
    "mae": 0.10139081416761785,
    "best_inner_cv_score": -15785466.98156246,
    "scoring_metric_used": "neg_mean_squared_error"
}