{
    "accuracy_mean": 0.880339666818266,
    "accuracy_std": 0.008188471709872469,
    "precision_mean": 0.8247417754382053,
    "precision_std": 0.035797051820114834,
    "recall_mean": 0.7564421080827697,
    "recall_std": 0.036258621844237615,
    "f1_mean": 0.7891127827221505,
    "f1_std": 0.03611518080368531,
    "roc_auc_mean": 0.9325864597250342,
    "roc_auc_std": 0.002400894322325986,
    "pr_auc_mean": 0.8811261430780775,
    "pr_auc_std": 0.021091754319943035,
    "balanced_accuracy_mean": 0.8435998792940282,
    "balanced_accuracy_std": 0.01325317866768011,
    "mcc_mean": 0.7043093656274048,
    "mcc_std": 0.021915639822376987,
    "best_inner_cv_pr_auc_mean": 0.8967790303853024,
    "best_inner_cv_pr_auc_std": 0.026530493591934712,
    "default_threshold_mean": 0.5,
    "default_threshold_std": 0.0,
    "optimal_threshold_mean": 0.3375659312055585,
    "optimal_threshold_std": 0.09991982730945463,
    "optimal_f1_mean": 0.7998526424787925,
    "optimal_f1_std": 0.03208013063045123,
    "threshold_improvement_mean": 0.01073985975664199,
    "threshold_improvement_std": 0.004035050173234078,
    "threshold_used_mean": 0.5,
    "threshold_used_std": 0.0
}