{
    "r2": 0.8230718163972172,
    "mse": 0.01235576747562488,
    "rmse": 0.1111564999252175,
    "mae": 0.06351906903354625,
    "best_inner_cv_score": -0.02859893048072216,
    "scoring_metric_used": "neg_mean_squared_error"
}