{
    "r2": -0.20879821435024914,
    "mse": 0.11151642889820855,
    "rmse": 0.33394075656949773,
    "mae": 0.31162318216062773
}