{
    "accuracy": 0.9654126213592233,
    "precision": 1.0,
    "recall": 0.9,
    "f1": 0.9473684210526315,
    "roc_auc": 0.9807619698597141,
    "balanced_accuracy": 0.95,
    "mcc": 0.9245548994594845,
    "pr_ap": 0.9776635109471157,
    "optimal_threshold": 0.39,
    "optimal_f1": 0.9610154075169591
}