{
    "accuracy": 0.94,
    "precision": 0.95,
    "recall": 0.8708333333333333,
    "f1": 0.908695652173913,
    "roc_auc": 0.9920199275362318,
    "pr_auc": 0.9850779946652651,
    "balanced_accuracy": 0.9234601449275363,
    "mcc": 0.865954583090733,
    "best_inner_cv_roc_auc": 0.9164751683204689
}