{
    "roc_auc": 0.3756598464357386,
    "pr_ap": 0.30306256849888097,
    "optimal_threshold": 4.0,
    "optimal_f1": 0.5607895876979199,
    "accuracy": 0.4066666666666667,
    "precision": 0.3903810118675828,
    "recall": 0.9952229299363057,
    "f1": 0.5607895917451772,
    "balanced_accuracy": 0.5201163573360589,
    "mcc": 0.11507762786474156
}