{
    "roc_auc": 0.09216132232245812,
    "pr_ap": 0.12782739360866274,
    "optimal_threshold": 0.915,
    "optimal_f1": 0.3647175391388308,
    "accuracy": 0.22303030303030302,
    "precision": 0.22303030303030302,
    "recall": 1.0,
    "f1": 0.3647175421209118,
    "balanced_accuracy": 0.5,
    "mcc": 0.0
}