accuracy,precision,recall,f1,mcc,roc_auc,pr_auc
0.8771645021645021,0.9671772428884027,0.6758409785932722,0.7956795679567957,0.7351315684055464,0.9120282861811606,0.8959732703133644
