{
    "roc_auc": 0.5593300883742381,
    "pr_ap": 0.4058390325386738,
    "optimal_threshold": 602.0,
    "optimal_f1": 0.5857699762592099,
    "accuracy": 0.48484848484848486,
    "precision": 0.4220505617977528,
    "recall": 0.9570063694267515,
    "f1": 0.5857699805068226,
    "balanced_accuracy": 0.5758613060440998,
    "mcc": 0.21426259799052222
}