{
    "accuracy": 0.9994516040581299,
    "precision": 0.9982190560997328,
    "recall": 1.0,
    "f1": 0.9991087344028521,
    "roc_auc": 1.0,
    "pr_auc": 1.0,
    "balanced_accuracy": 0.9996041171813144,
    "mcc": 0.998713522764433
}