{
    "accuracy_mean": 0.8521088566347881,
    "accuracy_std": 0.06768759886416485,
    "precision_mean": 0.7236682841230959,
    "precision_std": 0.20747576588091565,
    "recall_mean": 0.7208840297038257,
    "recall_std": 0.19253800912947952,
    "f1_mean": 0.718181581087871,
    "f1_std": 0.19442319179904186,
    "roc_auc_mean": 0.9269683310966086,
    "roc_auc_std": 0.04866474746706174,
    "pr_auc_mean": 0.8504266403258744,
    "pr_auc_std": 0.1584106481228104,
    "balanced_accuracy_mean": 0.8094224261258443,
    "balanced_accuracy_std": 0.11513754042369594,
    "mcc_mean": 0.618568760606718,
    "mcc_std": 0.22987463747715664,
    "best_inner_cv_pr_auc_mean": 0.9371880690110933,
    "best_inner_cv_pr_auc_std": 0.018750012381498312,
    "default_threshold_mean": 0.5,
    "default_threshold_std": 0.0,
    "optimal_threshold_mean": 0.5500901937484741,
    "optimal_threshold_std": 0.3835068941116333,
    "optimal_f1_mean": 0.823817290033929,
    "optimal_f1_std": 0.13108734236537087,
    "threshold_improvement_mean": 0.105635708946058,
    "threshold_improvement_std": 0.07394233806745755,
    "threshold_used_mean": 0.5,
    "threshold_used_std": 0.0
}