{
    "accuracy_mean": 0.8941346469622331,
    "accuracy_std": 0.060424546072796584,
    "precision_mean": 0.6616933402168301,
    "precision_std": 0.3684578478742393,
    "recall_mean": 0.739943137728121,
    "recall_std": 0.37761268297477485,
    "f1_mean": 0.6847338453895832,
    "f1_std": 0.3529687923673227,
    "roc_auc_mean": 0.8245523453434398,
    "roc_auc_std": 0.23519857315326176,
    "pr_auc_mean": 0.7128068348984108,
    "pr_auc_std": 0.3468188645049308,
    "balanced_accuracy_mean": 0.8343941450488075,
    "balanced_accuracy_std": 0.1717430201682502,
    "mcc_mean": 0.6126241721362747,
    "mcc_std": 0.3282099993975015,
    "best_inner_cv_pr_auc_mean": 0.9423791012276765,
    "best_inner_cv_pr_auc_std": 0.016647794453449598,
    "default_threshold_mean": 0.5,
    "default_threshold_std": 0.0,
    "optimal_threshold_mean": 0.5924569778622393,
    "optimal_threshold_std": 0.4245506726134749,
    "optimal_f1_mean": 0.7863381598117907,
    "optimal_f1_std": 0.2659910510408804,
    "threshold_improvement_mean": 0.10160431442220755,
    "threshold_improvement_std": 0.09999765200654019
}