{
    "r2": -4.628903744846537,
    "mse": 0.519288692508904,
    "rmse": 0.7206168833082556,
    "mae": 0.6555477437438041
}