{
    "roc_auc": 0.6883008447043534,
    "pr_ap": 0.5085121552861449,
    "optimal_threshold": 0.6942683329159558,
    "optimal_f1": 0.5802469086526921,
    "accuracy": 0.6703030303030303,
    "precision": 0.5179063360881543,
    "recall": 0.6596491228070176,
    "f1": 0.5802469135802469,
    "balanced_accuracy": 0.6677875243664717,
    "mcc": 0.3214657225838412
}