accuracy,precision,recall,f1,roc_auc,pr_auc,mcc,log_loss
0.9005002779321846,0.759927797833935,0.9014989293361885,0.8246816846229187,0.9484666679527494,0.9094362341976229,0.7612990587367439,0.2634022324068353
