{
    "best_params": {
        "n_estimators": 300,
        "min_samples_split": 5,
        "min_samples_leaf": 2,
        "max_features": "log2",
        "max_depth": 40,
        "class_weight": null
    },
    "pr_auc": 0.9567406134543486,
    "roc_auc": 0.9810366155772897,
    "f1": 0.8271025381119225,
    "balanced_acc": 0.8930722629904712
}