{
    "accuracy": 0.997134670487106,
    "precision": 0.9833333333333333,
    "recall": 0.9833333333333333,
    "f1": 0.9833333333333333,
    "roc_auc": 0.9931818181818183,
    "pr_auc": 0.979577691822381,
    "balanced_accuracy": 0.9908829676071056,
    "mcc": 0.9817659352142111,
    "best_inner_cv_pr_auc": 0.9567406134543486
}