{
    "roc_auc": 0.9638823911630928,
    "pr_ap": 0.9240590088697725,
    "optimal_threshold": 0.1519732067547035,
    "optimal_f1": 0.8736581287909277,
    "accuracy": 0.9072727272727272,
    "precision": 0.8252730109204368,
    "recall": 0.9280701754385965,
    "f1": 0.8736581337737407,
    "balanced_accuracy": 0.9121832358674464,
    "mcc": 0.8042573299735049
}