{
    "r2": 0.369613780440574,
    "mse": 0.03680210245336121,
    "rmse": 0.19183874075212548,
    "mae": 0.12861300573431275,
    "best_inner_cv_score": -0.02155311479740191,
    "scoring_metric_used": "neg_mean_squared_error"
}