{
    "best_params": {
        "model__solver": "liblinear",
        "model__penalty": "l1",
        "model__class_weight": null,
        "model__C": 0.005994842503189409
    },
    "pr_auc": 0.8893733429437836,
    "roc_auc": 0.9382316393066699,
    "f1": 0.7853346339621109,
    "balanced_acc": 0.8489465972779572
}