{
    "roc_auc": 0.9540374499856656,
    "pr_ap": 0.9486166844906112,
    "optimal_threshold": 0.38,
    "optimal_f1": 0.8950819622174685,
    "accuracy": 0.9224242424242424,
    "precision": 0.9222972972972973,
    "recall": 0.8694267515923567,
    "f1": 0.8950819672131147,
    "balanced_accuracy": 0.9122084834282722,
    "mcc": 0.8345425868917745
}