{
    "r2": 0.5384035041278835,
    "mse": 0.056500592004070996,
    "rmse": 0.23769853176675493,
    "mae": 0.16919392623694293,
    "best_inner_cv_score": -0.026182244869852364,
    "scoring_metric_used": "neg_mean_squared_error"
}