{
    "r2_mean": 0.702243504217482,
    "r2_std": 0.007102851967541013,
    "mse_mean": 0.02748777522330441,
    "mse_std": 0.0010689703766492125,
    "rmse_mean": 0.1657630191278226,
    "rmse_std": 0.003224393421022667,
    "mae_mean": 0.09693656610947135,
    "mae_std": 0.0005921127003914173,
    "best_inner_cv_score_mean": -0.025119600273324712,
    "best_inner_cv_score_std": 0.010814275226363263,
    "scoring_metric_used": "neg_mean_squared_error"
}