{
    "accuracy": 0.899856938483548,
    "precision": 0.8985507246376812,
    "recall": 0.8551724137931035,
    "f1": 0.8763250883392226,
    "roc_auc": 0.966486805497007,
    "pr_auc": 0.9599749131247881,
    "balanced_accuracy": 0.893356378045696,
    "mcc": 0.7929615335990599,
    "best_inner_cv_pr_auc": 0.8243169247224341
}