{
    "r2": 0.6942580956076956,
    "mse": 0.030863531705867697,
    "rmse": 0.1756801972501958,
    "mae": 0.11936740455381525,
    "best_inner_cv_score": -0.01823347453650118,
    "scoring_metric_used": "neg_mean_squared_error"
}