Model,Accuracy,Balanced Accuracy,F1 Score,MCC,PR AUC,Precision,ROC AUC,Recall
lgb,0.8777077049629832,0.8432455893144835,0.7911985018726592,0.7067706019262224,0.8464150101339588,0.8325123152709359,0.9139422795081024,0.7537912578055308
logistic,0.9023855223471346,0.8764418292399544,0.8359447004608295,0.7674322270389486,0.8836782553446265,0.8646329837940896,0.9207686977821381,0.8090990187332738
rf,0.891965999451604,0.8671834332398894,0.8204193254329991,0.7435812344423307,0.8911595769284371,0.8387698042870456,0.9318082133147998,0.8028545941123997
xgb,0.8590622429394023,0.8203581944918257,0.7584586466165414,0.6612544591651118,0.8478401278746089,0.8013902681231381,0.9237694259805074,0.719892952720785
