{
    "r2_mean": 0.5857717913546036,
    "r2_std": 0.2139843242282473,
    "mse_mean": 0.033362035271417775,
    "mse_std": 0.010995860217416095,
    "rmse_mean": 0.18022727809325695,
    "rmse_std": 0.02966754965469174,
    "mae_mean": 0.11010352163883699,
    "mae_std": 0.011677071091554338,
    "best_inner_cv_score_mean": -0.024542344603663384,
    "best_inner_cv_score_std": 0.0035320247292405273,
    "scoring_metric_used": "neg_mean_squared_error"
}