{
    "r2": 0.859524669239366,
    "mse": 0.012965426224288859,
    "rmse": 0.11386582553290016,
    "mae": 0.08010439154287419
}