{
    "r2_mean": 0.5995812293879667,
    "r2_std": 0.2314499437804961,
    "mse_mean": 0.031910200827690784,
    "mse_std": 0.011627218478216706,
    "rmse_mean": 0.1756230458315179,
    "rmse_std": 0.03266108694687528,
    "mae_mean": 0.1282858144814113,
    "mae_std": 0.024075509128355797,
    "best_inner_cv_score_mean": -0.03745703878701896,
    "best_inner_cv_score_std": 0.006305465901729094,
    "scoring_metric_used": "neg_mean_squared_error"
}