{
    "accuracy": 0.868,
    "precision": 0.14035087719298245,
    "recall": 0.13793103448275862,
    "f1": 0.1391304347826087,
    "roc_auc": 0.9172687861271676,
    "pr_auc": 0.34979048658879786,
    "balanced_accuracy": 0.5335608929639226,
    "mcc": 0.06765914451274815,
    "best_inner_cv_pr_auc": 0.4319562977467779
}