{
    "r2_mean": 0.5840296020350754,
    "r2_std": 0.20743253055990626,
    "mse_mean": 0.033320767730620225,
    "mse_std": 0.01029073921848207,
    "rmse_mean": 0.18042924825201512,
    "rmse_std": 0.027677682450539937,
    "mae_mean": 0.11071894004180752,
    "mae_std": 0.012311804295410624,
    "best_inner_cv_score_mean": -0.02418015850714229,
    "best_inner_cv_score_std": 0.003919793299329452,
    "scoring_metric_used_mean": "N/A",
    "scoring_metric_used_std": "N/A"
}