{
    "roc_auc": 0.9600391701048275,
    "pr_ap": 0.9506969853021028,
    "optimal_threshold": 0.65,
    "optimal_f1": 0.88364523503496,
    "accuracy": 0.9133333333333333,
    "precision": 0.9034941763727121,
    "recall": 0.8646496815286624,
    "f1": 0.8836452400325467,
    "balanced_accuracy": 0.9039491069091452,
    "mcc": 0.8151488827180058
}