accuracy,precision,recall,f1,mcc,roc_auc,pr_auc
0.8344459279038718,0.9142857142857143,0.4549763033175355,0.6075949367088608,0.5678248655714229,0.8925985306295037,0.8223418478999069
