{
    "r2": 0.5713061354754836,
    "mse": 0.04327508427790245,
    "rmse": 0.20802664319241046,
    "mae": 0.12430499674304904,
    "best_inner_cv_score": -0.01852312122547849,
    "scoring_metric_used": "neg_mean_squared_error"
}