{
    "accuracy": 0.9193996664813785,
    "precision": 0.8259109311740891,
    "recall": 0.8736616702355461,
    "f1": 0.8491155046826223,
    "roc_auc": 0.9322748873070072,
    "pr_auc": 0.914787490634378,
    "balanced_accuracy": 0.9045485528354907,
    "mcc": 0.794771838208742,
    "best_inner_cv_roc_auc": 0.9626820835048588
}