{
    "best_params": {
        "model__solver": "saga",
        "model__penalty": "l2",
        "model__max_iter": 1000,
        "model__class_weight": "balanced",
        "model__C": 0.0001
    },
    "pr_auc": 0.9760821795896607,
    "roc_auc": 0.9878311085937804,
    "f1": 0.8898398005467042,
    "balanced_acc": 0.9381701793439162
}