{
    "accuracy": 0.9586666666666667,
    "precision": 0.8108108108108109,
    "recall": 0.7792207792207793,
    "f1": 0.7947019867549668,
    "roc_auc": 0.9672526581887652,
    "pr_auc": 0.8888818485918355,
    "balanced_accuracy": 0.8792092009031087,
    "mcc": 0.77192045392379,
    "best_inner_cv_pr_auc": 0.9760821795896607
}