{
    "r2": 0.5801626088994287,
    "mse": 0.04238105554191546,
    "rmse": 0.20586659646945024,
    "mae": 0.12117227861541408,
    "best_inner_cv_score": -0.018250549786850145,
    "scoring_metric_used": "neg_mean_squared_error"
}