{
    "r2": 0.6043523520731062,
    "mse": 0.036500064506216075,
    "rmse": 0.19104990056583665,
    "mae": 0.14321551242353028
}