{
    "accuracy": 0.8923160173160173,
    "precision": 0.8376068376068376,
    "recall": 0.6743119266055045,
    "f1": 0.747141041931385,
    "roc_auc": 0.9401931673467265,
    "pr_auc": 0.8759809430466318,
    "balanced_accuracy": 0.8169718273254152,
    "mcc": 0.6861938064082513,
    "best_inner_cv_pr_auc": 0.944601643191247
}