{
    "r2": -0.3188000137067424,
    "mse": 0.08514147469629771,
    "rmse": 0.29179012097104606,
    "mae": 0.26254576292384707,
    "best_inner_cv_score": -5759101.523905865,
    "scoring_metric_used": "neg_mean_squared_error"
}