{
    "r2": 0.975424988223904,
    "mse": 0.00226819542206262,
    "rmse": 0.04762557529377068,
    "mae": 0.012913668906438521
}