{
    "accuracy": 0.9427753934191703,
    "precision": 1.0,
    "recall": 0.855595667870036,
    "f1": 0.9221789883268483,
    "roc_auc": 0.9567129193970605,
    "pr_auc": 0.9606671309576774,
    "balanced_accuracy": 0.927797833935018,
    "mcc": 0.884035135539477,
    "best_inner_cv_pr_auc": 0.944848532374376
}