{
    "r2": 0.8313864428208695,
    "mse": 0.019616628974910406,
    "rmse": 0.1400593766047472,
    "mae": 0.0988189259932182,
    "best_inner_cv_score": -0.021294828702077592,
    "scoring_metric_used": "neg_mean_squared_error"
}