accuracy,precision,recall,f1,mcc,roc_auc,pr_auc
0.8798701298701299,0.8913043478260869,0.7522935779816514,0.8159203980099502,0.7334698926860036,0.9304678335612824,0.9106167042710863
