{
    "colsample_bytree": 0.6835674870461441,
    "learning_rate": 0.14422870336481014,
    "max_depth": 20,
    "min_child_samples": 11,
    "n_estimators": 738,
    "num_leaves": 46,
    "reg_alpha": 0.29529058841893874,
    "reg_lambda": 0.3225507642386005,
    "subsample": 0.9394679179698697
}