{
    "r2": 0.5988377335783897,
    "mse": 0.025898958599222494,
    "rmse": 0.16093153388699957,
    "mae": 0.09973279007440294,
    "best_inner_cv_score": -0.02393071202652398,
    "scoring_metric_used": "neg_mean_squared_error"
}