{
    "r2": -0.9677054461708288,
    "mse": 0.18152863056509008,
    "rmse": 0.42606176848561533,
    "mae": 0.385285910585123
}