{
    "r2": -0.9253368899611663,
    "mse": 0.17761996323750454,
    "rmse": 0.421449834781679,
    "mae": 0.3807602567120906
}