{
    "accuracy": 0.9170243204577968,
    "precision": 0.9397590361445783,
    "recall": 0.8447653429602888,
    "f1": 0.8897338403041825,
    "roc_auc": 0.965301897445549,
    "pr_auc": 0.9679657193880314,
    "balanced_accuracy": 0.9046101596318032,
    "mcc": 0.826526835671835,
    "best_inner_cv_pr_auc": 0.9495313577432017
}