{
    "best_params": {
        "subsample": 0.8,
        "reg_lambda": 5,
        "reg_alpha": 0.01,
        "num_leaves": 50,
        "n_estimators": 100,
        "max_depth": 10,
        "learning_rate": 0.1,
        "colsample_bytree": 0.6,
        "class_weight": null
    },
    "pr_auc": 0.9072380827222174,
    "roc_auc": 0.9438435369930357,
    "f1": 0.7560806690102714,
    "balanced_acc": 0.8197593698934016
}