{
    "accuracy": 0.9284692417739628,
    "precision": 0.9486166007905138,
    "recall": 0.8664259927797834,
    "f1": 0.9056603773584906,
    "roc_auc": 0.9424008075692508,
    "pr_auc": 0.9496987846290295,
    "balanced_accuracy": 0.9178101527879959,
    "mcc": 0.8505060452757195,
    "best_inner_cv_pr_auc": 0.9072380827222174
}