{
    "r2": 0.8702433420690361,
    "mse": 0.018332953847851517,
    "rmse": 0.1353992387270014,
    "mae": 0.10552807449117381,
    "best_inner_cv_score": -0.050318956127435,
    "scoring_metric_used": "neg_mean_squared_error"
}