{
    "roc_auc": 0.8123346672997356,
    "pr_ap": 0.5528602227744857,
    "optimal_threshold": 93.045,
    "optimal_f1": 0.7215979975298045,
    "accuracy": 0.8648484848484849,
    "precision": 0.6674364896073903,
    "recall": 0.7853260869565217,
    "f1": 0.7215980024968789,
    "balanced_accuracy": 0.8365007969884013,
    "mcc": 0.6367878632847913
}