{
    "r2": -4.413484993695805,
    "mse": 0.4994154584481189,
    "rmse": 0.7066933270154169,
    "mae": 0.6446675693829064
}