{
    "r2": 0.7625751775822729,
    "mse": 0.03305172323528891,
    "rmse": 0.18180132902508966,
    "mae": 0.12149058322816063
}