model_name,accuracy_mean,accuracy_std,precision_mean,precision_std,recall_mean,recall_std,f1_mean,f1_std,roc_auc_mean,roc_auc_std,pr_auc_mean,pr_auc_std,balanced_accuracy_mean,balanced_accuracy_std,mcc_mean,mcc_std,best_inner_cv_pr_auc_mean,best_inner_cv_pr_auc_std,default_threshold_mean,default_threshold_std,optimal_threshold_mean,optimal_threshold_std,optimal_f1_mean,optimal_f1_std,threshold_improvement_mean,threshold_improvement_std,threshold_used_mean,threshold_used_std
rf,0.9433378397711015,0.03312754597930436,0.9202243002949011,0.07379703849130081,0.808974532651477,0.13528456600914304,0.8487271779889355,0.04540316197091564,0.9673204969227358,0.01431812131507059,0.9137037431735768,0.04720147962838603,0.8761030513708251,0.04231772883641566,0.8127897583987707,0.03867395023967317,0.9577225706509218,0.010238778929115478,0.5,0.0,0.4688821034820706,0.192426974803531,0.8630467683888641,0.03538512553089434,0.014319590399928495,0.01486803070917745,0.5,0.0
xgb,0.9363932761087268,0.027781025700609394,0.8447233127113181,0.10058745138627058,0.8139242998653952,0.14601108395709117,0.8193355488086933,0.08285770679044156,0.9460811524611573,0.044875593192981775,0.8830366558563941,0.07514125790374185,0.8711277685369593,0.046578121665498746,0.7770281178427236,0.07456543804407169,0.9511400206730126,0.01658873341744421,0.5,0.0,0.6945362687110901,0.2730599641799927,0.8466943520079818,0.08619144861272571,0.027358803199288607,0.022411130144673913,0.5,0.0
lgb,0.9365238912732476,0.02920776490304134,0.845452998750263,0.11268509373696148,0.8160500043495901,0.14284381953364036,0.8204887582115742,0.08633349318079121,0.9618705167020879,0.02486369938818514,0.8924034632518714,0.0737282234996255,0.872261746249815,0.04664658320020386,0.7781623458517019,0.08084704211234242,0.9462477894590778,0.013219081673339114,0.5,0.0,0.7553249616557449,0.18947029136607582,0.8413173408790696,0.08926137054867544,0.020828582667495342,0.011190597320983844,0.5,0.0
logistic,0.9447683834048641,0.028781184944367207,0.8935947707087017,0.08160469734741543,0.836305116114136,0.12102709757437848,0.8537772677976199,0.04273694780081462,0.9820590939098357,0.014399618597450467,0.9441683354572504,0.056596496343716156,0.8881839127438305,0.035113747359967015,0.8170791874807835,0.032464764532322866,0.9736242881693894,0.0066975740069059615,0.5,0.0,0.6366674118062601,0.2216187521613959,0.9173630176534278,0.0523624688690596,0.06358574985580785,0.0409884343670234,0.5,0.0
