{
    "roc_auc": 0.8077891482917222,
    "pr_ap": 0.7368322138804809,
    "optimal_threshold": 0.2271759469049326,
    "optimal_f1": 0.6872197263796778,
    "accuracy": 0.6618181818181819,
    "precision": 0.5302768166089965,
    "recall": 0.9761146496815286,
    "f1": 0.6872197309417041,
    "balanced_accuracy": 0.7224017475413513,
    "mcc": 0.4715536050000298
}