{
    "r2": -81823.66393027535,
    "mse": 7548.649732416342,
    "rmse": 86.88296572065403,
    "mae": 86.75719310447914
}