{
    "accuracy_mean": 0.940317747504329,
    "accuracy_std": 0.04776870535708997,
    "precision_mean": 0.8595325676545439,
    "precision_std": 0.1223992411581172,
    "recall_mean": 0.8649915675722127,
    "recall_std": 0.15967626358322629,
    "f1_mean": 0.8609020010353424,
    "f1_std": 0.1381317315553552,
    "roc_auc_mean": 0.9661199907656259,
    "roc_auc_std": 0.03468522479726611,
    "pr_auc_mean": 0.9140614621874412,
    "pr_auc_std": 0.09799851470961754,
    "balanced_accuracy_mean": 0.9085274936695477,
    "balanced_accuracy_std": 0.0869022145484918,
    "mcc_mean": 0.8213868858536488,
    "mcc_std": 0.16383491168590245,
    "best_inner_cv_pr_auc_mean": 0.9553337984766903,
    "best_inner_cv_pr_auc_std": 0.013945161668633759,
    "default_threshold_mean": 0.5,
    "default_threshold_std": 0.0,
    "optimal_threshold_mean": 0.6315132813398714,
    "optimal_threshold_std": 0.19537169226048406,
    "optimal_f1_mean": 0.8843552091859251,
    "optimal_f1_std": 0.11278710402721104,
    "threshold_improvement_mean": 0.023453208150582827,
    "threshold_improvement_std": 0.02815961714147194,
    "threshold_used_mean": 0.5,
    "threshold_used_std": 0.0
}