{
    "r2": -725755454.2400821,
    "mse": 66953818.81025602,
    "rmse": 8182.53132045677,
    "mae": 8126.663275788561
}