{
    "accuracy_mean": 0.8594313172928713,
    "accuracy_std": 0.06915516233552181,
    "precision_mean": 0.7446820266075873,
    "precision_std": 0.2151874973450442,
    "recall_mean": 0.7295881359149541,
    "recall_std": 0.17597577977349163,
    "f1_mean": 0.7314423692090046,
    "f1_std": 0.18804645744303677,
    "roc_auc_mean": 0.9223683510912034,
    "roc_auc_std": 0.05769897164057258,
    "pr_auc_mean": 0.8434987854402227,
    "pr_auc_std": 0.15482269357595535,
    "balanced_accuracy_mean": 0.8191297407202228,
    "balanced_accuracy_std": 0.1105711132609974,
    "mcc_mean": 0.6397552548157293,
    "mcc_std": 0.2259731745804951,
    "best_inner_cv_pr_auc_mean": 0.892691647268643,
    "best_inner_cv_pr_auc_std": 0.03622874330255734,
    "default_threshold_mean": 0.5,
    "default_threshold_std": 0.0,
    "optimal_threshold_mean": 0.4527788633015918,
    "optimal_threshold_std": 0.42056407024506826,
    "optimal_f1_mean": 0.8090259540908628,
    "optimal_f1_std": 0.14113157435341503,
    "threshold_improvement_mean": 0.07758358488185815,
    "threshold_improvement_std": 0.05609891898225117,
    "threshold_used_mean": 0.5,
    "threshold_used_std": 0.0
}