{
    "accuracy": 0.8706709956709957,
    "precision": 0.7155361050328227,
    "recall": 0.75,
    "f1": 0.7323628219484882,
    "roc_auc": 0.920497147646646,
    "pr_auc": 0.8526427396638943,
    "balanced_accuracy": 0.8289660056657224,
    "mcc": 0.647470439361039,
    "best_inner_cv_pr_auc": 0.9147321693556192
}