{
    "roc_auc": 0.4019524287334688,
    "pr_ap": 0.3365121327746732,
    "optimal_threshold": 3171.0,
    "optimal_f1": 0.5520879080910384,
    "accuracy": 0.38242424242424244,
    "precision": 0.38129933211900424,
    "recall": 1.0,
    "f1": 0.5520879120879121,
    "balanced_accuracy": 0.5014677103718199,
    "mcc": 0.0334555521406862
}