{
    "accuracy": 0.9279038718291055,
    "precision": 0.8356164383561644,
    "recall": 0.8026315789473685,
    "f1": 0.8187919463087249,
    "roc_auc": 0.9744225513532575,
    "pr_auc": 0.9302578987940461,
    "balanced_accuracy": 0.8812152869611214,
    "mcc": 0.7740592040182621,
    "best_inner_cv_roc_auc": 0.909364372079598
}