{
    "accuracy": 0.8721511951083936,
    "precision": 0.8605388272583201,
    "recall": 0.7927007299270074,
    "f1": 0.8252279635258358,
    "roc_auc": 0.9349873540473601,
    "pr_auc": 0.9022178973980205,
    "balanced_accuracy": 0.8568530579617084,
    "mcc": 0.7262250054497817,
    "best_inner_cv_roc_auc": 0.9300828395014067
}