{
    "r2": 0.5121302685920084,
    "mse": 0.07463929211956997,
    "rmse": 0.2732019255414756,
    "mae": 0.16310694565664735,
    "best_inner_cv_score": -0.026073103700336747,
    "scoring_metric_used": "neg_mean_squared_error"
}