{
    "r2": 0.5397923547810153,
    "mse": 0.04245598027629509,
    "rmse": 0.20604849010923396,
    "mae": 0.13057627108248232
}