{
    "r2": 0.14863912553287373,
    "mse": 0.04970265712473867,
    "rmse": 0.22294092743311775,
    "mae": 0.1252966629202441,
    "best_inner_cv_score": -0.02307364417758972,
    "scoring_metric_used": "neg_mean_squared_error"
}