{
    "best_params": {
        "subsample": 1.0,
        "reg_lambda": 0,
        "reg_alpha": 0.5,
        "num_leaves": 31,
        "n_estimators": 200,
        "max_depth": 30,
        "learning_rate": 0.1,
        "colsample_bytree": 1.0,
        "class_weight": "balanced"
    },
    "pr_auc": 0.8887729585553815,
    "roc_auc": 0.9303938266025282,
    "f1": 0.8270783911443899,
    "balanced_acc": 0.8699458916414051
}