{
    "r2": 0.8773786522252194,
    "mse": 0.013151879054853306,
    "rmse": 0.11468164218763745,
    "mae": 0.07559771670298986,
    "best_inner_cv_score": -0.026504264635749498,
    "scoring_metric_used": "neg_mean_squared_error"
}