{
    "accuracy_mean": 0.85807035053144,
    "accuracy_std": 0.012600645139555666,
    "precision_mean": 0.7695327583987643,
    "precision_std": 0.05399665336594156,
    "recall_mean": 0.753102189781022,
    "recall_std": 0.0031021897810218912,
    "f1_mean": 0.7603975449164054,
    "f1_std": 0.028034722967917203,
    "roc_auc_mean": 0.921786531338164,
    "roc_auc_std": 0.0012893836915179868,
    "pr_auc_mean": 0.8720972324685059,
    "pr_auc_std": 0.019454492804611645,
    "balanced_accuracy_mean": 0.8286238643301944,
    "balanced_accuracy_std": 0.0003421413355280123,
    "mcc_mean": 0.6580197904208729,
    "mcc_std": 0.010549351059833845,
    "best_inner_cv_pr_auc_mean": 0.8815997228212494,
    "best_inner_cv_pr_auc_std": 0.03313244653436975,
    "default_threshold_mean": 0.5,
    "default_threshold_std": 0.0,
    "optimal_threshold_mean": 0.43496280908584595,
    "optimal_threshold_std": 0.17575623095035553,
    "optimal_f1_mean": 0.7851452870304748,
    "optimal_f1_std": 0.022792345854004248,
    "threshold_improvement_mean": 0.024747742114069382,
    "threshold_improvement_std": 0.005242377113912955,
    "threshold_used_mean": 0.5,
    "threshold_used_std": 0.0
}