{
    "accuracy": 0.933252427184466,
    "precision": 0.9592198581560284,
    "recall": 0.8614649681528662,
    "f1": 0.9077181208053692,
    "roc_auc": 0.9435080242287998,
    "balanced_accuracy": 0.9194579742725115,
    "mcc": 0.8587053436005476,
    "optimal_threshold": 0.63,
    "optimal_f1": 0.9173060478809592
}