{
    "accuracy_mean": 0.8881543513957307,
    "accuracy_std": 0.06263149199153722,
    "precision_mean": 0.7211422427130392,
    "precision_std": 0.2684640724826465,
    "recall_mean": 0.7882921123544679,
    "recall_std": 0.2849270808733157,
    "f1_mean": 0.7355644059711737,
    "f1_std": 0.25212063198289897,
    "roc_auc_mean": 0.8616748243752941,
    "roc_auc_std": 0.1796585603958143,
    "pr_auc_mean": 0.7277260089349491,
    "pr_auc_std": 0.33686574000347025,
    "balanced_accuracy_mean": 0.8534353969518002,
    "balanced_accuracy_std": 0.13322816366545465,
    "mcc_mean": 0.6556400219897519,
    "mcc_std": 0.2484620306564565,
    "best_inner_cv_pr_auc_mean": 0.9439066948354696,
    "best_inner_cv_pr_auc_std": 0.02762572445196538,
    "default_threshold_mean": 0.5,
    "default_threshold_std": 0.0,
    "optimal_threshold_mean": 0.679884135723114,
    "optimal_threshold_std": 0.37889784574508667,
    "optimal_f1_mean": 0.7918798421201062,
    "optimal_f1_std": 0.2561663089431375,
    "threshold_improvement_mean": 0.056315436148932564,
    "threshold_improvement_std": 0.04496556826827451
}