{
    "roc_auc": 0.9106207183069931,
    "pr_ap": 0.7313295151280046,
    "optimal_threshold": 0.152922773786278,
    "optimal_f1": 0.6812313756997542,
    "accuracy": 0.8054545454545454,
    "precision": 0.5367762128325508,
    "recall": 0.9320652173913043,
    "f1": 0.6812313803376365,
    "balanced_accuracy": 0.8505879909109408,
    "mcc": 0.5991960563299623
}