accuracy,precision,recall,f1,roc_auc,balanced_accuracy,mcc,pr_ap,optimal_threshold,optimal_f1
0.9101941747572816,0.9054054054054054,0.8535031847133758,0.8786885245901639,0.9387754464843263,0.899300611964531,0.8083828042942044,0.9416130577519459,0.868586286703459,0.9156626456351298
