MSE,RMSE,MAE,R2
0.020917868856464066,0.14463011047656732,0.09178004444947602,0.707439771428416
