{
    "r2": 0.7119085989030375,
    "mse": 0.01859912532740716,
    "rmse": 0.13637861022685033,
    "mae": 0.0934882288288024,
    "best_inner_cv_score": -0.024885162555177198,
    "scoring_metric_used": "neg_mean_squared_error"
}