{
    "r2": 0.9753753126699928,
    "mse": 0.0028195657572322287,
    "rmse": 0.05309958339979918,
    "mae": 0.03848781697130149,
    "best_inner_cv_score": -0.054223882363027276,
    "scoring_metric_used": "neg_mean_squared_error"
}