{
    "r2": -739515678.8207767,
    "mse": 74264885.4099254,
    "rmse": 8617.707665610698,
    "mae": 200.62820952450528,
    "best_inner_cv_score": -0.029815878099948137,
    "scoring_metric_used": "neg_mean_squared_error"
}