{
    "r2": 0.46062808530342103,
    "mse": 0.032069698438940586,
    "rmse": 0.17908014529517388,
    "mae": 0.12490076150901576,
    "best_inner_cv_score": -0.019001594334950914,
    "scoring_metric_used": "neg_mean_squared_error"
}