model_name,r2_mean,r2_std,mse_mean,mse_std,rmse_mean,rmse_std,mae_mean,mae_std,best_inner_cv_score_mean,best_inner_cv_score_std,scoring_metric_used_mean,scoring_metric_used_std
rf,0.7391223231963574,0.0004456650685186192,0.02382154093917317,0.002331999866442537,0.15415683897790053,0.007563724976148628,0.09313842870324429,0.0018286082655283309,-0.02500017616919735,0.004173557508657768,N/A,N/A
lgbm,0.6863931621941424,0.026881191753370948,0.02888576144717259,0.005307299212197875,0.16923322840559255,0.01568042890335386,0.10076271010997781,0.009086838288339928,-0.026611925538141457,0.007010692973063559,N/A,N/A
xgb,0.7020225515831956,0.0017015624383324157,0.02722934051969146,0.002865528335976652,0.16478392177345902,0.008694805613123191,0.10435130747678531,0.004774242094269736,-0.03064971773991369,0.005389598406297023,N/A,N/A
lr,-200192331.65607634,200192331.18039647,20104050.583926685,20104050.46257632,3170.66708204951,3170.318728256566,73.98820454354109,73.69323164634673,-8133764.442040219,8133764.391306014,N/A,N/A
ridge,-369757839.1243396,369757839.6964371,37132442.722556666,37132442.68736874,4308.947625029711,4308.760040580987,100.38383945596397,100.24437006854131,-37137.71589855892,37137.686082680826,N/A,N/A
lasso,0.6529217868065365,0.054092516034792315,0.03219014448272155,0.00809689614253335,0.17796815929448853,0.02274815948715636,0.13272104515294708,0.02160712482450139,-0.02549499553325614,0.0022573051434084616,N/A,N/A
en,0.654386362284988,0.012793525201549971,0.03144805333738256,0.0019749668802832975,0.1772484563164664,0.005571182173674652,0.13055731752010552,0.004824951495232613,-0.026521077163995682,0.0009253302464187641,N/A,N/A
