{
    "r2_mean": 0.6603482550961484,
    "r2_std": 0.2183061829031544,
    "mse_mean": 0.02711659093497427,
    "mse_std": 0.01197152298591548,
    "rmse_mean": 0.16050421227952588,
    "rmse_std": 0.03681017217432119,
    "mae_mean": 0.09771109161814502,
    "mae_std": 0.027539212528820703,
    "best_inner_cv_score_mean": -0.02672675681952617,
    "best_inner_cv_score_std": 0.0020127087369017547,
    "scoring_metric_used": "neg_mean_squared_error"
}