{
    "accuracy": 0.8855507868383404,
    "precision": 0.8776978417266187,
    "recall": 0.8413793103448276,
    "f1": 0.8591549295774648,
    "roc_auc": 0.9509400556445493,
    "pr_auc": 0.9449144810817315,
    "balanced_accuracy": 0.8791248629963746,
    "mcc": 0.7633249696469976,
    "best_inner_cv_pr_auc": 0.90144515344205
}