{
    "r2": 0.6086443403262989,
    "mse": 0.05529354224513623,
    "rmse": 0.2351457893417108,
    "mae": 0.17540097962029505,
    "best_inner_cv_score": -0.15135768958231985,
    "scoring_metric_used": "neg_mean_squared_error"
}