{
    "accuracy": 0.9328571428571428,
    "precision": 0.8739255014326648,
    "recall": 0.9902597402597403,
    "f1": 0.928462709284627,
    "roc_auc": 0.9744483832494037,
    "pr_auc": 0.9689944687344672,
    "balanced_accuracy": 0.9390074211502784,
    "mcc": 0.8716737698022654,
    "best_inner_cv_pr_auc": 0.9419458084064543
}