MSE,RMSE,MAE,R2
0.04587238239630293,0.21417838919065324,0.1362068726501189,0.2284843347717831
