{
    "accuracy": 0.931909212283044,
    "precision": 0.8686131386861314,
    "recall": 0.7828947368421053,
    "f1": 0.8235294117647058,
    "roc_auc": 0.9721303887860355,
    "pr_auc": 0.9276478039191768,
    "balanced_accuracy": 0.8763719915366306,
    "mcc": 0.7831054701776637,
    "best_inner_cv_roc_auc": 0.91761930459682
}