accuracy,precision,recall,f1,mcc,roc_auc,pr_auc
0.9528571428571428,0.96,0.9,0.9290322580645162,0.8948364461990941,0.9929257246376811,0.9868238674085289
