{
    "best_params": {
        "n_estimators": 100,
        "min_samples_split": 5,
        "min_samples_leaf": 2,
        "max_features": "sqrt",
        "max_depth": 50,
        "class_weight": "balanced"
    },
    "pr_auc": 0.8845819774351966,
    "roc_auc": 0.9291646226191791,
    "f1": 0.7614411953395005,
    "balanced_acc": 0.819047287902069
}