accuracy,precision,recall,f1,mcc,roc_auc,pr_auc
0.9465954606141522,0.9912280701754386,0.743421052631579,0.849624060150376,0.8304718012055876,0.9807039583884335,0.9443561675869427
