{
    "r2": 0.7619307023516779,
    "mse": 0.016170917134572072,
    "rmse": 0.12716492100643192,
    "mae": 0.1060975285009349,
    "best_inner_cv_score": -0.03701568954250786,
    "scoring_metric_used": "neg_mean_squared_error"
}