{
    "r2": 0.5562169654769202,
    "mse": 0.06789445915384529,
    "rmse": 0.2605656522910211,
    "mae": 0.16097784991605604,
    "best_inner_cv_score": -0.0478532078654193,
    "scoring_metric_used": "neg_mean_squared_error"
}