{
    "accuracy": 0.93,
    "precision": 0.0,
    "recall": 0.0,
    "f1": 0.0,
    "roc_auc": 0.4210616146100017,
    "pr_auc": 0.2827090815632356,
    "balanced_accuracy": 0.5,
    "mcc": 0.0,
    "best_inner_cv_pr_auc": 0.9758461751337704
}