{
    "roc_auc": 0.7956150984082666,
    "pr_ap": 0.7596982814757353,
    "optimal_threshold": 0.84,
    "optimal_f1": 0.6950354560525528,
    "accuracy": 0.7393939393939394,
    "precision": 0.6265984654731458,
    "recall": 0.7802547770700637,
    "f1": 0.6950354609929078,
    "balanced_accuracy": 0.747270245677889,
    "mcc": 0.48088794103992205
}