{
    "accuracy": 0.8146666666666667,
    "precision": 0.6858974358974359,
    "recall": 0.5431472081218274,
    "f1": 0.6062322946175638,
    "roc_auc": 0.8672400657236486,
    "pr_auc": 0.7804277566427308,
    "balanced_accuracy": 0.7272698065925592,
    "mcc": 0.4928467478193435,
    "best_inner_cv_pr_auc": 0.9386849355037942
}