{
    "r2": 0.7187696676097556,
    "mse": 0.028389177785851753,
    "rmse": 0.16849088339091747,
    "mae": 0.11170567097697998,
    "best_inner_cv_score": -0.019330628113322607,
    "scoring_metric_used": "neg_mean_squared_error"
}