{
    "accuracy": 0.8918558077436582,
    "precision": 0.7587548638132295,
    "recall": 0.9112149532710281,
    "f1": 0.8280254777070064,
    "roc_auc": 0.9807887151716306,
    "pr_auc": 0.9642002143920075,
    "balanced_accuracy": 0.8976635514018692,
    "mcc": 0.7567988213810737,
    "best_inner_cv_roc_auc": 0.9331656151342537
}