{
    "r2": 0.6901173062408297,
    "mse": 0.02104886019204349,
    "rmse": 0.145082253194674,
    "mae": 0.10777228591187465,
    "best_inner_cv_score": -0.047306664456899704,
    "scoring_metric_used": "neg_mean_squared_error"
}