{
    "r2": -134.02110534007608,
    "mse": 12.45623240890339,
    "rmse": 3.529338806193504,
    "mae": 3.3326288286373877
}