{
    "accuracy": 0.8704939919893191,
    "precision": 1.0,
    "recall": 0.5402843601895735,
    "f1": 0.7015384615384616,
    "roc_auc": 0.9237565848587889,
    "pr_auc": 0.9151130460746024,
    "balanced_accuracy": 0.7701421800947867,
    "mcc": 0.6765742631189468,
    "best_inner_cv_roc_auc": 0.9670139922705957
}