model_name,accuracy_mean,accuracy_std,precision_mean,precision_std,recall_mean,recall_std,f1_mean,f1_std,roc_auc_mean,roc_auc_std,pr_auc_mean,pr_auc_std,balanced_accuracy_mean,balanced_accuracy_std,mcc_mean,mcc_std,best_inner_cv_roc_auc_mean,best_inner_cv_roc_auc_std
rf,0.892167576262907,0.015003074098404845,0.8389379147413404,0.06012750581940729,0.8163451401030719,0.08087113398686391,0.8214570545087849,0.01237379126235938,0.9410410208499603,0.002935611028170415,0.9062020852436223,0.00860697195366461,0.8745312025533845,0.029407264821913692,0.7506705397949676,0.02291275110989588,0.9452325345358301,0.0066870853924950735
xgb,0.8592652483703067,0.015109404214462607,0.821191541904615,0.11660750115758606,0.7440196714011618,0.14463129219626875,0.758664066033469,0.027320782451379477,0.9401214438096217,0.0019276716870311739,0.8974846596947763,0.010402930308759883,0.8339082919457708,0.04510187453762915,0.6841850009659568,0.02399078847133862,0.9417815250034285,0.004301748939949723
lgb,0.8777593191503696,0.003841570232620828,0.8459589407306065,0.12078163576606754,0.7712348322626694,0.10456816559600285,0.7912723665904473,0.0021320950972346098,0.9295707100501508,0.013192181320877516,0.9000291906554978,0.002022055220978536,0.8533851210221552,0.026333194723997755,0.7229390287931617,0.0052619706277954315,0.9451093532800161,0.0013916587488993493
logistic,0.9026110886519447,0.016788577829433826,0.862505015136594,0.03659408396250502,0.8183293060657852,0.055332364169760784,0.8372955521758851,0.01181995250673712,0.9242838074807951,0.007991079826212166,0.9025210483758774,0.012266442258500543,0.8812982187594232,0.023250334076067525,0.7708822981991927,0.023889540009549293,0.9555807280686304,0.007101355436228474
