{
    "accuracy": 0.8306666666666667,
    "precision": 0.7058823529411765,
    "recall": 0.6091370558375635,
    "f1": 0.6539509536784741,
    "roc_auc": 0.8953837398224727,
    "pr_auc": 0.8091220763833338,
    "balanced_accuracy": 0.7593605713184202,
    "mcc": 0.5452443463859112,
    "best_inner_cv_pr_auc": 0.9191712336264817
}