{
    "accuracy": 0.9097297297297298,
    "precision": 0.782258064516129,
    "recall": 0.9381044487427466,
    "f1": 0.8531222515391381,
    "roc_auc": 0.9587404104411017,
    "pr_auc": 0.9217871528132026,
    "balanced_accuracy": 0.9184145649565196,
    "mcc": 0.7955156636679314,
    "best_inner_cv_roc_auc": 0.9177640715596476
}