{
    "roc_auc": 0.9075155496279308,
    "pr_ap": 0.8902986895666635,
    "optimal_threshold": 0.1046607116297731,
    "optimal_f1": 0.8117469829665046,
    "accuracy": 0.8484848484848485,
    "precision": 0.77,
    "recall": 0.85828025477707,
    "f1": 0.8117469879518072,
    "balanced_accuracy": 0.8503730041008638,
    "mcc": 0.6884225372236765
}