model_name,accuracy_mean,accuracy_std,precision_mean,precision_std,recall_mean,recall_std,f1_mean,f1_std,roc_auc_mean,roc_auc_std,pr_auc_mean,pr_auc_std,balanced_accuracy_mean,balanced_accuracy_std,mcc_mean,mcc_std,best_inner_cv_roc_auc_mean,best_inner_cv_roc_auc_std
rf,0.892777036048064,0.046607950093746395,0.8776777309126474,0.12362342675343863,0.757845422433225,0.14266953158087134,0.7993038519848941,0.1043169574713445,0.9344878088778474,0.05295477355769503,0.9018612839191544,0.06231418359047925,0.8504267051870469,0.06756922389202238,0.7378461243042079,0.11483054260696571,0.936934458585462,0.01870606892938605
xgb,0.8596929238985315,0.06816285094715273,0.7952875879418896,0.15572855336497313,0.767263334694739,0.17084335190141034,0.7576138107494756,0.12349739680682156,0.9355326908476844,0.04831250831370361,0.8956788530118439,0.06442198776968594,0.8271881898691655,0.07460784893579438,0.6771961803794526,0.14273245932178893,0.9236327578138204,0.020010584026115608
lgb,0.8697810413885179,0.04645375033163182,0.8274143345265111,0.11469173861532678,0.7458663976748288,0.14613850333615158,0.7678954497284435,0.09792175498760247,0.9300668273678341,0.05492775071498454,0.8919500288009793,0.07645601742140133,0.8300846788257523,0.06111552425776765,0.6883001332717555,0.10194996960938721,0.9245842028643402,0.019421357102771406
logistic,0.8861575433911882,0.050911206896022854,0.8688771769116235,0.1301631050374992,0.7581060334028655,0.12473388534384541,0.7962224552821601,0.08999389959695288,0.9472117939497977,0.039412304654482616,0.9325915055520912,0.045702143437062054,0.8475379391012503,0.06036511539914008,0.7282605570010909,0.11053564946722066,0.952391849878586,0.011380358432703136
