{
    "roc_auc": 0.39849333983105906,
    "pr_ap": 0.30667802981692893,
    "optimal_threshold": 3171.0,
    "optimal_f1": 0.5142083858957996,
    "accuracy": 0.3472727272727273,
    "precision": 0.3460837887067395,
    "recall": 1.0,
    "f1": 0.5142083897158322,
    "balanced_accuracy": 0.5013888888888889,
    "mcc": 0.031005545592985795
}