{
    "r2": 0.7704207269001062,
    "mse": 0.03195955047070069,
    "rmse": 0.1787723425776501,
    "mae": 0.10416644620475206
}