MSE,RMSE,MAE,R2,model,training_time
0.015382828851849101,0.12402753263630258,0.06602242872836245,0.7067053180913864,XGBoost,23.394789218902588
