{
    "roc_auc": 0.8821406758323257,
    "pr_ap": 0.8799663539130331,
    "optimal_threshold": 90.77857142857144,
    "optimal_f1": 0.8056337979777206,
    "accuracy": 0.8745454545454545,
    "precision": 0.9816933638443935,
    "recall": 0.6831210191082803,
    "f1": 0.8056338028169014,
    "balanced_accuracy": 0.837646615229287,
    "mcc": 0.7430645575525422
}