{
    "roc_auc": 0.8452061995523299,
    "pr_ap": 0.6356499829000527,
    "optimal_threshold": 0.7125331814524386,
    "optimal_f1": 0.6720867158672454,
    "accuracy": 0.8533333333333334,
    "precision": 0.6702702702702703,
    "recall": 0.6739130434782609,
    "f1": 0.6720867208672087,
    "balanced_accuracy": 0.7893746184629994,
    "mcc": 0.577633678460051
}