{
    "roc_auc": 0.10404408024147051,
    "pr_ap": 0.12931324235581435,
    "optimal_threshold": 0.98,
    "optimal_f1": 0.3647175391388308,
    "accuracy": 0.22303030303030302,
    "precision": 0.22303030303030302,
    "recall": 1.0,
    "f1": 0.3647175421209118,
    "balanced_accuracy": 0.5,
    "mcc": 0.0
}