{
    "roc_auc": 0.9103573749187784,
    "pr_ap": 0.917448950676766,
    "optimal_threshold": 91.10375,
    "optimal_f1": 0.8895078873105166,
    "accuracy": 0.9278787878787879,
    "precision": 0.9447731755424064,
    "recall": 0.8403508771929824,
    "f1": 0.8895078922934077,
    "balanced_accuracy": 0.9072124756335282,
    "mcc": 0.8394083426825812
}