{
    "r2": 0.572097597207933,
    "mse": 0.0351879254032295,
    "rmse": 0.18758444872437988,
    "mae": 0.13946938742264403,
    "best_inner_cv_score": -74275.40198123975,
    "scoring_metric_used": "neg_mean_squared_error"
}