,roc_auc,pr_auc
count,5.0,5.0
mean,0.9929642277136412,0.9907426616731337
std,0.003735794620208276,0.004097453197030027
min,0.9888260254596889,0.9866504017637715
25%,0.9899324695581276,0.9871539508917296
50%,0.9934233010964244,0.9904817890076334
75%,0.994478527607362,0.9929921650299791
max,0.9981608148466032,0.9964350016725543
