{
    "accuracy": 0.8411214953271028,
    "precision": 0.7940379403794038,
    "recall": 0.8720238095238095,
    "f1": 0.8312056737588652,
    "roc_auc": 0.9499236135132019,
    "pr_auc": 0.9464382691543897,
    "balanced_accuracy": 0.8440022195318806,
    "mcc": 0.6844329725196023,
    "best_inner_cv_roc_auc": 0.9155490360205022
}