{
    "best_params": {
        "n_estimators": 300,
        "min_samples_split": 2,
        "min_samples_leaf": 2,
        "max_features": "sqrt",
        "max_depth": 30,
        "class_weight": "balanced_subsample"
    },
    "pr_auc": 0.3289334842464864,
    "roc_auc": 0.8054515351005317,
    "f1": 0.1111111111111111,
    "balanced_acc": 0.5316215668129721
}