{
    "accuracy": 0.9292389853137517,
    "precision": 0.0,
    "recall": 0.0,
    "f1": 0.0,
    "roc_auc": 0.9856938483547926,
    "pr_auc": 0.6498195682033032,
    "balanced_accuracy": 0.4978540772532189,
    "mcc": -0.016960460036872467,
    "best_inner_cv_pr_auc": 0.3289334842464864
}