model_name,r2_mean,r2_std,mse_mean,mse_std,rmse_mean,rmse_std,mae_mean,mae_std,best_inner_cv_score_mean,best_inner_cv_score_std,scoring_metric_used_mean,scoring_metric_used_std
rf,0.7416897260166574,0.00301306788881861,0.023563712901913836,0.002074171829183201,0.1533557300091844,0.0067626160074324565,0.09388974058767358,0.002579920149957615,-0.025821867522813683,0.0033518661550414365,N/A,N/A
lr,-200192331.65607634,200192331.18039647,20104050.583926685,20104050.46257632,3170.66708204951,3170.318728256566,73.98820454354109,73.69323164634673,-8133764.442040222,8133764.391306017,N/A,N/A
