{
    "r2": -4.497573468305046,
    "mse": 0.507172953693064,
    "rmse": 0.7121607639382165,
    "mae": 0.6494374323966049
}