{
    "r2": 0.7973156549194895,
    "mse": 0.02358045024957929,
    "rmse": 0.15355927275674136,
    "mae": 0.11082921349591163,
    "best_inner_cv_score": -65161652.746308036,
    "scoring_metric_used": "neg_mean_squared_error"
}