{
    "r2_mean": 0.6485162555261464,
    "r2_std": 0.23857813858685653,
    "mse_mean": 0.027735844362801815,
    "mse_std": 0.013050378109012042,
    "rmse_mean": 0.161990020232784,
    "rmse_std": 0.03866623472467997,
    "mae_mean": 0.10236017914670133,
    "mae_std": 0.025707014715390143,
    "best_inner_cv_score_mean": -0.02790227900145994,
    "best_inner_cv_score_std": 0.0039324323717063415,
    "scoring_metric_used": "neg_mean_squared_error"
}