{
    "accuracy": 0.7428571428571429,
    "precision": 0.5034965034965035,
    "recall": 0.7912087912087912,
    "f1": 0.6153846153846154,
    "roc_auc": 0.8620963978106835,
    "pr_auc": 0.8159812525934422,
    "balanced_accuracy": 0.7585387585387585,
    "mcc": 0.4613951674117519,
    "best_inner_cv_roc_auc": 0.9461468119154693
}