MSE,RMSE,MAE,R2
0.03767493815234096,0.1941003301190932,0.12761651552473674,0.6841962381999286
