{
    "accuracy_mean": 0.8196043923132608,
    "accuracy_std": 0.048854218481663464,
    "precision_mean": 0.31467146104330224,
    "precision_std": 0.07468501779985064,
    "recall_mean": 0.9878260869565217,
    "recall_std": 0.024347826086956518,
    "f1_mean": 0.4718363104840143,
    "f1_std": 0.0837511649980853,
    "roc_auc_mean": 0.9281061462295653,
    "roc_auc_std": 0.06296788385143952,
    "pr_auc_mean": 0.5749689083351918,
    "pr_auc_std": 0.348378236819052,
    "balanced_accuracy_mean": 0.8954899982159354,
    "balanced_accuracy_std": 0.03941424140680963,
    "mcc_mean": 0.4922372702843198,
    "mcc_std": 0.06249293604854156,
    "best_inner_cv_pr_auc_mean": 0.5036700789709353,
    "best_inner_cv_pr_auc_std": 0.09013058345638461,
    "default_threshold_mean": 0.5,
    "default_threshold_std": 0.0,
    "optimal_threshold_mean": 0.7008073387720902,
    "optimal_threshold_std": 0.11661082982013733,
    "optimal_f1_mean": 0.7248187406504595,
    "optimal_f1_std": 0.22654150611614052,
    "threshold_improvement_mean": 0.2529824301664452,
    "threshold_improvement_std": 0.24630535344170254,
    "threshold_used_mean": 0.5,
    "threshold_used_std": 0.0
}