{
    "roc_auc": 0.887427507969884,
    "pr_ap": 0.7083653428466907,
    "optimal_threshold": 0.6923295465949064,
    "optimal_f1": 0.6729729679731191,
    "accuracy": 0.8533333333333334,
    "precision": 0.6693548387096774,
    "recall": 0.6766304347826086,
    "f1": 0.672972972972973,
    "balanced_accuracy": 0.7903432985145493,
    "mcc": 0.5784593259280532
}