{
    "r2_mean": 0.7061187238323117,
    "r2_std": 0.015349642822456655,
    "mse_mean": 0.02714161007889006,
    "mse_std": 0.0018246287798287658,
    "rmse_mean": 0.16465390858816886,
    "rmse_std": 0.00554080008022316,
    "mae_mean": 0.10167319884913323,
    "mae_std": 0.004477858654029228,
    "best_inner_cv_score_mean": -0.026979702070019304,
    "best_inner_cv_score_std": 0.011053697911965135,
    "scoring_metric_used": "neg_mean_squared_error"
}