accuracy,precision,recall,f1,mcc,roc_auc,pr_auc
0.7985714285714286,0.5927601809954751,0.7197802197802198,0.6501240694789082,0.51529650650046,0.8716852645424074,0.8091615339358632
