{
    "r2": -80089.38331109622,
    "mse": 7388.655467813473,
    "rmse": 85.957288625302,
    "mae": 85.8889941444772
}