MSE,RMSE,MAE,R2
0.01372018085019632,0.11713317570268604,0.07171259737564081,0.8035341243418672
