{
    "r2": 0.739567988264876,
    "mse": 0.02615354080561571,
    "rmse": 0.16172056395404918,
    "mae": 0.09496703696877262,
    "best_inner_cv_score": -0.02082661866053959,
    "scoring_metric_used": "neg_mean_squared_error"
}