{
    "accuracy_mean": 0.8777593191503696,
    "accuracy_std": 0.003841570232620828,
    "precision_mean": 0.8459589407306065,
    "precision_std": 0.12078163576606754,
    "recall_mean": 0.7712348322626694,
    "recall_std": 0.10456816559600285,
    "f1_mean": 0.7912723665904473,
    "f1_std": 0.0021320950972346098,
    "roc_auc_mean": 0.9295707100501508,
    "roc_auc_std": 0.013192181320877516,
    "pr_auc_mean": 0.9000291906554978,
    "pr_auc_std": 0.002022055220978536,
    "balanced_accuracy_mean": 0.8533851210221552,
    "balanced_accuracy_std": 0.026333194723997755,
    "mcc_mean": 0.7229390287931617,
    "mcc_std": 0.0052619706277954315,
    "best_inner_cv_roc_auc_mean": 0.9451093532800161,
    "best_inner_cv_roc_auc_std": 0.0013916587488993493
}