{
    "r2": 0.703724114021528,
    "mse": 0.02436381218371481,
    "rmse": 0.15608911616033583,
    "mae": 0.09957706538251558,
    "best_inner_cv_score": -0.03603931614621071,
    "scoring_metric_used": "neg_mean_squared_error"
}