{
    "best_params": {
        "n_estimators": 100,
        "min_samples_split": 2,
        "min_samples_leaf": 1,
        "max_features": "log2",
        "max_depth": 40,
        "class_weight": null
    },
    "pr_auc": 0.9365204524035526,
    "roc_auc": 0.9595150438929356,
    "f1": 0.8369754659669596,
    "balanced_acc": 0.8784592601956062
}