{
    "accuracy": 0.752,
    "precision": 0.3825136612021858,
    "recall": 0.48951048951048953,
    "f1": 0.4294478527607362,
    "roc_auc": 0.8326804990725913,
    "pr_auc": 0.5953139592827337,
    "balanced_accuracy": 0.6516745198788032,
    "mcc": 0.2774520349717472,
    "best_inner_cv_pr_auc": 0.9365204524035526
}