{
    "roc_auc": 0.8954397849827037,
    "pr_ap": 0.6133925045206684,
    "optimal_threshold": 0.3662696334998127,
    "optimal_f1": 0.7358974309133467,
    "accuracy": 0.8751515151515151,
    "precision": 0.6966019417475728,
    "recall": 0.779891304347826,
    "f1": 0.735897435897436,
    "balanced_accuracy": 0.8411937020959099,
    "mcc": 0.6562812451527522
}