{
    "r2": 0.30524243057556644,
    "mse": 0.0413085389367127,
    "rmse": 0.2032450219235706,
    "mae": 0.14339668891614565,
    "best_inner_cv_score": -295.7202742434562,
    "scoring_metric_used": "neg_mean_squared_error"
}