{
    "roc_auc": 0.1859166214474666,
    "pr_ap": 0.1527495860842184,
    "optimal_threshold": 2.4045392131389707,
    "optimal_f1": 0.36507936209498626,
    "accuracy": 0.22424242424242424,
    "precision": 0.22330097087378642,
    "recall": 1.0,
    "f1": 0.36507936507936506,
    "balanced_accuracy": 0.500780031201248,
    "mcc": 0.018664497022450696
}