{
    "roc_auc": 0.18717993284948786,
    "pr_ap": 0.13845571683195995,
    "optimal_threshold": 2.8468634272247786,
    "optimal_f1": 0.36507936209498626,
    "accuracy": 0.22424242424242424,
    "precision": 0.22330097087378642,
    "recall": 1.0,
    "f1": 0.36507936507936506,
    "balanced_accuracy": 0.500780031201248,
    "mcc": 0.018664497022450696
}