{
    "best_params": {
        "n_estimators": 100,
        "min_samples_split": 5,
        "min_samples_leaf": 4,
        "max_features": "log2",
        "max_depth": 20,
        "class_weight": "balanced"
    },
    "pr_auc": 0.9305489370919791,
    "roc_auc": 0.9520080455907617,
    "f1": 0.8396487192971304,
    "balanced_acc": 0.8802106355822142
}