{
    "r2": 0.6445513933839551,
    "mse": 0.022947693533133258,
    "rmse": 0.15148496140915527,
    "mae": 0.11653913103705038,
    "best_inner_cv_score": -0.027045425141644003,
    "scoring_metric_used": "neg_mean_squared_error"
}