{
    "roc_auc": 0.9677321849252747,
    "pr_ap": 0.9605693465510652,
    "optimal_threshold": 0.01464350960779,
    "optimal_f1": 0.9120788775030806,
    "accuracy": 0.9351515151515152,
    "precision": 0.9422750424448217,
    "recall": 0.8837579617834395,
    "f1": 0.9120788824979458,
    "balanced_accuracy": 0.9252449300110934,
    "mcc": 0.8619043459022087
}