{
    "accuracy": 0.885,
    "precision": 0.8333333333333334,
    "recall": 0.9787735849056604,
    "f1": 0.9002169197396963,
    "roc_auc": 0.9479250301083902,
    "pr_auc": 0.9515109069007732,
    "balanced_accuracy": 0.8790144520272982,
    "mcc": 0.7804489016112521,
    "best_inner_cv_pr_auc": 0.9281476510121255
}