accuracy,precision,recall,f1,mcc,roc_auc,pr_auc
0.8571428571428571,0.9905660377358491,0.4976303317535545,0.6624605678233438,0.6398167234658348,0.9100186754523512,0.8675755000375799
