{
    "r2": 0.7198141011331081,
    "mse": 0.026245537470597758,
    "rmse": 0.16200474521012573,
    "mae": 0.10531350386563672,
    "best_inner_cv_score": -0.017915346772981997,
    "scoring_metric_used": "neg_mean_squared_error"
}