{
    "r2": 0.936036058848745,
    "mse": 0.005903668320414841,
    "rmse": 0.07683533250019058,
    "mae": 0.03525683154872121
}