{
    "roc_auc": 0.5861679983048101,
    "pr_ap": 0.39500109688671137,
    "optimal_threshold": 2004.0,
    "optimal_f1": 0.6215762950525368,
    "accuracy": 0.5896969696969697,
    "precision": 0.4788975021533161,
    "recall": 0.8853503184713376,
    "f1": 0.62157629960872,
    "balanced_accuracy": 0.6466869009186433,
    "mcc": 0.31192922000878576
}