{
    "r2": 0.5579484944044625,
    "mse": 0.06762955218152027,
    "rmse": 0.26005682490855775,
    "mae": 0.14324580276431048,
    "best_inner_cv_score": -0.053204484124655255,
    "scoring_metric_used": "neg_mean_squared_error"
}