{
    "roc_auc": 0.8359623318832812,
    "pr_ap": 0.8313477031340344,
    "optimal_threshold": 0.6854768619651241,
    "optimal_f1": 0.7274453892978864,
    "accuracy": 0.826060606060606,
    "precision": 0.9011764705882352,
    "recall": 0.6098726114649682,
    "f1": 0.7274453941120608,
    "balanced_accuracy": 0.7843883605270046,
    "mcc": 0.6315163131870778
}