{
    "best_params": {
        "subsample": 0.6,
        "scale_pos_weight": 5,
        "n_estimators": 200,
        "max_depth": 5,
        "learning_rate": 0.2,
        "gamma": 0.5,
        "colsample_bytree": 1.0
    },
    "pr_auc": 0.9499646870308541,
    "roc_auc": 0.9549887722254565,
    "f1": 0.8698035945434631,
    "balanced_acc": 0.9317330760757071
}