{
    "accuracy": 0.8314285714285714,
    "precision": 1.0,
    "recall": 0.7846715328467153,
    "f1": 0.8793456032719836,
    "roc_auc": 0.9379081828659239,
    "pr_auc": 0.9839470037781863,
    "balanced_accuracy": 0.8923357664233577,
    "mcc": 0.6646359989378221,
    "best_inner_cv_pr_auc": 0.9499646870308541
}