{
    "roc_auc": 0.5686980181936322,
    "pr_ap": 0.35621825324684764,
    "optimal_threshold": 6707.0,
    "optimal_f1": 0.5774144056823651,
    "accuracy": 0.4987878787878788,
    "precision": 0.40735400144196104,
    "recall": 0.9912280701754386,
    "f1": 0.5774144098109351,
    "balanced_accuracy": 0.6150584795321637,
    "mcc": 0.2989384835447073
}