{
    "accuracy": 0.9356223175965666,
    "precision": 0.82,
    "recall": 1.0,
    "f1": 0.9010989010989011,
    "roc_auc": 0.9998617557025772,
    "pr_auc": 0.9996651997641636,
    "balanced_accuracy": 0.9544534412955465,
    "mcc": 0.8633097032494749,
    "best_inner_cv_pr_auc": 0.9667978492983353
}