{
    "roc_auc": 0.91251250593502,
    "pr_ap": 0.7528754816808241,
    "optimal_threshold": 0.2933020332199502,
    "optimal_f1": 0.7325728720821305,
    "accuracy": 0.8721212121212121,
    "precision": 0.6864608076009501,
    "recall": 0.7853260869565217,
    "f1": 0.7325728770595691,
    "balanced_accuracy": 0.8411809841958895,
    "mcc": 0.6515770002050701
}