{
    "best_params": {
        "n_estimators": 200,
        "min_samples_split": 5,
        "min_samples_leaf": 1,
        "max_features": "log2",
        "max_depth": 30,
        "class_weight": "balanced_subsample"
    },
    "pr_auc": 0.8299204311162839,
    "roc_auc": 0.9021440384855978,
    "f1": 0.7137458191134018,
    "balanced_acc": 0.8016778496076123
}