{
    "accuracy_mean": 0.9365238912732476,
    "accuracy_std": 0.02920776490304134,
    "precision_mean": 0.845452998750263,
    "precision_std": 0.11268509373696148,
    "recall_mean": 0.8160500043495901,
    "recall_std": 0.14284381953364036,
    "f1_mean": 0.8204887582115742,
    "f1_std": 0.08633349318079121,
    "roc_auc_mean": 0.9618705167020879,
    "roc_auc_std": 0.02486369938818514,
    "pr_auc_mean": 0.8924034632518714,
    "pr_auc_std": 0.0737282234996255,
    "balanced_accuracy_mean": 0.872261746249815,
    "balanced_accuracy_std": 0.04664658320020386,
    "mcc_mean": 0.7781623458517019,
    "mcc_std": 0.08084704211234242,
    "best_inner_cv_pr_auc_mean": 0.9462477894590778,
    "best_inner_cv_pr_auc_std": 0.013219081673339114,
    "default_threshold_mean": 0.5,
    "default_threshold_std": 0.0,
    "optimal_threshold_mean": 0.7553249616557449,
    "optimal_threshold_std": 0.18947029136607582,
    "optimal_f1_mean": 0.8413173408790696,
    "optimal_f1_std": 0.08926137054867544,
    "threshold_improvement_mean": 0.020828582667495342,
    "threshold_improvement_std": 0.011190597320983844,
    "threshold_used_mean": 0.5,
    "threshold_used_std": 0.0
}