{
    "roc_auc": 0.8890405616224649,
    "pr_ap": 0.5661636713015573,
    "optimal_threshold": 0.4132738771180235,
    "optimal_f1": 0.7365728850428765,
    "accuracy": 0.8751515151515151,
    "precision": 0.6956521739130435,
    "recall": 0.782608695652174,
    "f1": 0.7365728900255755,
    "balanced_accuracy": 0.8421623821474598,
    "mcc": 0.6570838188095827
}