model_name,accuracy_mean,accuracy_std,precision_mean,precision_std,recall_mean,recall_std,f1_mean,f1_std,roc_auc_mean,roc_auc_std,pr_auc_mean,pr_auc_std,balanced_accuracy_mean,balanced_accuracy_std,mcc_mean,mcc_std,best_inner_cv_roc_auc_mean,best_inner_cv_roc_auc_std,error
rf,0.8840315315315315,0.02569819819819824,0.8240430783796577,0.041785013863528786,0.8109396415899164,0.12716480715283024,0.8086147797936208,0.04450747174551728,0.9403314114488173,0.018408998992284376,0.9011985337885717,0.020588104891100245,0.8667730646661267,0.05164150029039294,0.7349184589200014,0.060597204747929956,0.9374143015122154,0.01965022995256782,
xgb,0.8788513513513514,0.023851351351351354,0.809900490220029,0.04370775720265141,0.8117674561594528,0.12633699258329384,0.801904419690981,0.04157384117858426,0.9369083621359502,0.019514012316463658,0.8972197401928295,0.021717914930329818,0.8632856517211718,0.050252694180584034,0.7242875090566587,0.05798664946696469,0.9278163090990069,0.01831698672274218,
lgb,0.8777702702702703,0.02277027027027029,0.81357603566074,0.05054286030528976,0.8040385181959087,0.1301974585932596,0.7986046511627907,0.0413953488372093,0.9394073034208088,0.03135424576726181,0.9069615079035886,0.04157845952264738,0.8605092996682976,0.05034462270978246,0.7217968880818033,0.05539925246860056,0.9357888735214903,0.022815578904382794,
logistic,,,,,,,,,,,,,,,,,,,No metrics collected
