{
    "r2": 0.7724412507294391,
    "mse": 0.03167827493380707,
    "rmse": 0.17798391762686613,
    "mae": 0.10365604172699129
}