{
    "accuracy_mean": 0.8961367064526666,
    "accuracy_std": 0.04890328843979869,
    "precision_mean": 0.4340917474510498,
    "precision_std": 0.30105622988804553,
    "recall_mean": 0.3874942927207493,
    "recall_std": 0.3476585208186882,
    "f1_mean": 0.3372166662489243,
    "f1_std": 0.22815077727480268,
    "roc_auc_mean": 0.9051194194117705,
    "roc_auc_std": 0.08477163755747083,
    "pr_auc_mean": 0.4714870317154265,
    "pr_auc_std": 0.25874311960847135,
    "balanced_accuracy_mean": 0.6698439702599523,
    "balanced_accuracy_std": 0.15771112127945847,
    "mcc_mean": 0.3291161705408089,
    "mcc_std": 0.25862466820203533,
    "best_inner_cv_pr_auc_mean": 0.42190274341655165,
    "best_inner_cv_pr_auc_std": 0.06160137538206364,
    "default_threshold_mean": 0.5,
    "default_threshold_std": 0.0,
    "optimal_threshold_mean": 0.15654944489493455,
    "optimal_threshold_std": 0.2549874614078809,
    "optimal_f1_mean": 0.6401600634799746,
    "optimal_f1_std": 0.19506427872119356,
    "threshold_improvement_mean": 0.30294339723105035,
    "threshold_improvement_std": 0.18409842275131838
}