{
    "r2": 0.15005006758418715,
    "mse": 0.09116225613785467,
    "rmse": 0.3019308797355028,
    "mae": 0.17861815507980358,
    "best_inner_cv_score": -64333.25826825035,
    "scoring_metric_used": "neg_mean_squared_error"
}