{
    "roc_auc": 0.5511447206052826,
    "pr_ap": 0.37784977288809796,
    "optimal_threshold": 6707.0,
    "optimal_f1": 0.6133994994315044,
    "accuracy": 0.5278787878787878,
    "precision": 0.44556596971881757,
    "recall": 0.9840764331210191,
    "f1": 0.6133995037220844,
    "balanced_accuracy": 0.6158151245839929,
    "mcc": 0.3072447278279585
}