{
    "best_params": {
        "model__solver": "liblinear",
        "model__penalty": "l1",
        "model__class_weight": null,
        "model__C": 0.005994842503189409
    },
    "pr_auc": 0.8893889162011804,
    "roc_auc": 0.938209216049097,
    "f1": 0.7862468661325948,
    "balanced_acc": 0.8493952289513533
}