{
    "accuracy": 0.9214285714285714,
    "precision": 0.9556650246305419,
    "recall": 0.8083333333333333,
    "f1": 0.8758465011286681,
    "roc_auc": 0.9919202898550724,
    "pr_auc": 0.9853559246417548,
    "balanced_accuracy": 0.8943840579710145,
    "mcc": 0.8251020579987935,
    "best_inner_cv_roc_auc": 0.8956518106225158
}