{
    "r2": 0.7696592712573497,
    "mse": 0.0247054322987401,
    "rmse": 0.15717961794946603,
    "mae": 0.09947217723344574,
    "best_inner_cv_score": -0.029065074852551876,
    "scoring_metric_used": "neg_mean_squared_error"
}