{
    "roc_auc": 0.872533561020604,
    "pr_ap": 0.854119190967566,
    "optimal_threshold": 0.7025299886050429,
    "optimal_f1": 0.7465069813492377,
    "accuracy": 0.8460606060606061,
    "precision": 1.0,
    "recall": 0.5955414012738853,
    "f1": 0.7465069860279441,
    "balanced_accuracy": 0.7977707006369427,
    "mcc": 0.6906469367936399
}