{
    "accuracy": 0.9005405405405406,
    "precision": 0.7630331753554502,
    "recall": 0.9342359767891683,
    "f1": 0.84,
    "roc_auc": 0.9707615491880707,
    "pr_auc": 0.948539967426236,
    "balanced_accuracy": 0.91085392237808,
    "mcc": 0.7771961405504039,
    "best_inner_cv_roc_auc": 0.9129732946171075
}