{
    "accuracy_mean": 0.8788513513513514,
    "accuracy_std": 0.023851351351351354,
    "precision_mean": 0.809900490220029,
    "precision_std": 0.04370775720265141,
    "recall_mean": 0.8117674561594528,
    "recall_std": 0.12633699258329384,
    "f1_mean": 0.801904419690981,
    "f1_std": 0.04157384117858426,
    "roc_auc_mean": 0.9369083621359502,
    "roc_auc_std": 0.019514012316463658,
    "pr_auc_mean": 0.8972197401928295,
    "pr_auc_std": 0.021717914930329818,
    "balanced_accuracy_mean": 0.8632856517211718,
    "balanced_accuracy_std": 0.050252694180584034,
    "mcc_mean": 0.7242875090566587,
    "mcc_std": 0.05798664946696469,
    "best_inner_cv_roc_auc_mean": 0.9278163090990069,
    "best_inner_cv_roc_auc_std": 0.01831698672274218
}