{
    "best_params": {
        "subsample": 0.8,
        "scale_pos_weight": 5,
        "n_estimators": 100,
        "max_depth": 3,
        "learning_rate": 0.2,
        "gamma": 0.5,
        "colsample_bytree": 0.8
    },
    "pr_auc": 0.9093305614744467,
    "roc_auc": 0.9266984228750133,
    "f1": 0.7936206896551724,
    "balanced_acc": 0.8437786102639824
}