{
    "accuracy": 0.9096320346320347,
    "precision": 0.8475452196382429,
    "recall": 0.7522935779816514,
    "f1": 0.7970838396111786,
    "roc_auc": 0.9386078046625256,
    "pr_auc": 0.8949605528555137,
    "balanced_accuracy": 0.8552544377160382,
    "mcc": 0.7413947559961674,
    "best_inner_cv_pr_auc": 0.9093305614744467
}