{
    "roc_auc": 0.7271012020792722,
    "pr_ap": 0.5547466080990553,
    "optimal_threshold": 0.88,
    "optimal_f1": 0.6102598220713619,
    "accuracy": 0.6454545454545455,
    "precision": 0.49194414607948445,
    "recall": 0.8035087719298246,
    "f1": 0.6102598267821452,
    "balanced_accuracy": 0.6827729044834308,
    "mcc": 0.35055149930151247
}