fpr,tpr,thresholds
0.0,0.0,inf
0.000925925925925926,0.04912280701754386,0.91
0.09537037037037037,0.2824561403508772,0.9
0.25,0.6403508771929824,0.89
0.43796296296296294,0.8035087719298246,0.88
0.5916666666666667,0.9122807017543859,0.87
0.7333333333333333,0.9122807017543859,0.86
0.8703703703703703,0.9122807017543859,0.85
0.9425925925925925,0.9122807017543859,0.84
0.9990740740740741,0.9122807017543859,0.83
1.0,0.9157894736842105,0.82
1.0,1.0,0.81
