accuracy,precision,recall,f1_score,roc_auc,pr_auc,mcc,log_loss,model,training_time
0.9836065573770492,0.9479166666666666,0.9578947368421052,0.9528795811518325,0.995988870855553,0.9909222294318246,0.9429760285212965,0.0503619179238704,XGBoost,14.54831576347351
