{
    "r2": 0.8666735009896975,
    "mse": 0.015511305895944743,
    "rmse": 0.12454439327382322,
    "mae": 0.07503140190759634,
    "best_inner_cv_score": -0.019677761455570538,
    "scoring_metric_used": "neg_mean_squared_error"
}