{
    "roc_auc": 0.6305513633588823,
    "pr_ap": 0.2706633898024475,
    "optimal_threshold": 73.0,
    "optimal_f1": 0.47555128977643046,
    "accuracy": 0.6684848484848485,
    "precision": 0.3674074074074074,
    "recall": 0.6739130434782609,
    "f1": 0.47555129434324067,
    "balanced_accuracy": 0.6704198602726718,
    "mcc": 0.28857847113031615
}