{
    "best_params": {
        "subsample": 0.6,
        "scale_pos_weight": 1,
        "n_estimators": 500,
        "max_depth": 5,
        "learning_rate": 0.2,
        "gamma": 0.5,
        "colsample_bytree": 0.8
    },
    "pr_auc": 0.9717342420977036,
    "roc_auc": 0.9869920092050349,
    "f1": 0.8980254084512768,
    "balanced_acc": 0.9474656241227416
}