{
    "accuracy": 0.9346666666666666,
    "precision": 0.6891891891891891,
    "recall": 0.6623376623376623,
    "f1": 0.6754966887417219,
    "roc_auc": 0.9578163292873545,
    "pr_auc": 0.8024489620066044,
    "balanced_accuracy": 0.8140811640068698,
    "mcc": 0.6393454433903418,
    "best_inner_cv_pr_auc": 0.9717342420977036
}