{
    "roc_auc": 0.8910310743265983,
    "pr_ap": 0.8726254472624121,
    "optimal_threshold": 0.6164783151424669,
    "optimal_f1": 0.7529644221681326,
    "accuracy": 0.8484848484848485,
    "precision": 0.9921875,
    "recall": 0.606687898089172,
    "f1": 0.7529644268774703,
    "balanced_accuracy": 0.801876238672766,
    "mcc": 0.6937160307604301
}