model_name,r2_mean,r2_std,mse_mean,mse_std,rmse_mean,rmse_std,mae_mean,mae_std,best_inner_cv_score_mean,best_inner_cv_score_std,scoring_metric_used,abnormal_performance,processing_skipped
rf,0.705595580981746,0.010949123487148826,0.02718377632129915,0.0014192614261950877,0.16481880601542764,0.00430552028772202,0.09941640629148624,0.0006134328944783496,-0.022863955890108416,0.008592438527532295,neg_mean_squared_error,,
lgbm,0.702243504217482,0.007102851967541013,0.02748777522330441,0.0010689703766492125,0.1657630191278226,0.003224393421022667,0.09693656610947135,0.0005921127003914173,-0.025119600273324712,0.010814275226363263,neg_mean_squared_error,,
xgb,0.7061187238323117,0.015349642822456655,0.02714161007889006,0.0018246287798287658,0.16465390858816886,0.00554080008022316,0.10167319884913323,0.004477858654029228,-0.026979702070019304,0.011053697911965135,neg_mean_squared_error,,
lr,-61365795.89134985,61365795.8098861,5748249.029724935,5748248.931425875,1695.4810657978467,1695.1675389901532,40.17580796711918,39.918564091143175,-1309214.019577843,1309213.9780510953,neg_mean_squared_error,True,True
ridge,-8595912.230800452,8595912.257324323,805195.2768735954,805195.1883900122,634.6545357439913,634.3570738418341,15.149439315983896,14.89256158907475,-540074.5433203599,540074.5229337877,neg_mean_squared_error,True,True
lasso,0.7171282769759896,0.002685824157118488,0.02610056769293067,0.0001449697776670887,0.16155607816114448,0.00044866704898123555,0.11050666256486233,0.005193158699225611,-0.03262222858928937,0.014706881816307377,neg_mean_squared_error,,
en,0.761299299156772,0.037053510724145367,0.02207951234158756,0.003750900686460201,0.1480508153910436,0.01266761238887143,0.10432411502615041,0.004778816836514023,-0.03166619430887843,0.014458332428616515,neg_mean_squared_error,,
