{
    "r2": 0.1510595322860434,
    "mse": 0.09876637712612588,
    "rmse": 0.3142711840530816,
    "mae": 0.2701300464134399,
    "best_inner_cv_score": -90252505.67675613,
    "scoring_metric_used": "neg_mean_squared_error"
}