{
    "r2": -13.595194650069159,
    "mse": 1.3464645853442279,
    "rmse": 1.1603726062537962,
    "mae": 1.012871196876601
}