model,accuracy,precision,recall,f1_score,roc_auc,pr_auc,mcc,log_loss,training_time
LightGBM,0.9836065573770492,0.9479166666666666,0.9578947368421052,0.9528795811518324,0.9920704845814978,0.9890691129957416,0.9429760285212964,0.0984047596370041,0h 0m 47s
XGBoost,0.9872495446265938,0.9489795918367347,0.9789473684210528,0.9637305699481864,0.9937862276837468,0.9893736990017652,0.9561680637328832,0.0560168230510132,0h 0m 21s
