{
    "r2": 0.9369708559642405,
    "mse": 0.005817389519930737,
    "rmse": 0.07627181340397472,
    "mae": 0.05088644684170433
}