{
    "r2_mean": 0.5867092728869984,
    "r2_std": 0.21491079562022994,
    "mse_mean": 0.03325296795975266,
    "mse_std": 0.011092899459156522,
    "rmse_mean": 0.17987139067638427,
    "rmse_std": 0.02998751033173973,
    "mae_mean": 0.10952251532958457,
    "mae_std": 0.012121660666947457,
    "best_inner_cv_score_mean": -0.024743921125041292,
    "best_inner_cv_score_std": 0.0035869107795679046,
    "scoring_metric_used": "neg_mean_squared_error"
}