{
    "accuracy": 0.92,
    "precision": 0.9466019417475728,
    "recall": 0.8125,
    "f1": 0.874439461883408,
    "roc_auc": 0.9851992753623188,
    "pr_auc": 0.9741078280886589,
    "balanced_accuracy": 0.8942934782608696,
    "mcc": 0.8213666051543121,
    "best_inner_cv_roc_auc": 0.8972529821764831
}