{
    "r2": 0.7875902365915051,
    "mse": 0.022782228128413077,
    "rmse": 0.1509378286858966,
    "mae": 0.0973400471010705,
    "best_inner_cv_score": -0.02661535083692614,
    "scoring_metric_used": "neg_mean_squared_error"
}