{
    "roc_auc": 0.1790933850200057,
    "pr_ap": 0.25098045480080106,
    "optimal_threshold": 2.7420715969027047,
    "optimal_f1": 0.5513608388509861,
    "accuracy": 0.3806060606060606,
    "precision": 0.3806060606060606,
    "recall": 1.0,
    "f1": 0.5513608428446005,
    "balanced_accuracy": 0.5,
    "mcc": 0.0
}