{
    "r2": 0.7442910575376219,
    "mse": 0.018283025515699467,
    "rmse": 0.13521473852986393,
    "mae": 0.08482109250412044,
    "best_inner_cv_score": -0.027641676825261616,
    "scoring_metric_used": "neg_mean_squared_error"
}