{
    "accuracy": 0.7533333333333333,
    "precision": 0.38461538461538464,
    "recall": 0.48951048951048953,
    "f1": 0.4307692307692308,
    "roc_auc": 0.8271909309800578,
    "pr_auc": 0.5808325993356541,
    "balanced_accuracy": 0.6524982431077984,
    "mcc": 0.27947781447855824,
    "best_inner_cv_pr_auc": 0.9520080455907617
}