{
    "accuracy": 0.8885281385281385,
    "precision": 0.7889447236180904,
    "recall": 0.7201834862385321,
    "f1": 0.7529976019184652,
    "roc_auc": 0.9301855654027081,
    "pr_auc": 0.8600343887581344,
    "balanced_accuracy": 0.8303467006263482,
    "mcc": 0.6823937258050278,
    "best_inner_cv_pr_auc": 0.9233095239772371
}