{
    "r2": 0.5988292707717442,
    "mse": 0.0402870406252549,
    "rmse": 0.2007163187816449,
    "mae": 0.15432816997744847,
    "best_inner_cv_score": -0.027752300676664603,
    "scoring_metric_used": "neg_mean_squared_error"
}