{
    "r2": 0.7175134073725777,
    "mse": 0.033262265573222885,
    "rmse": 0.18237945490987434,
    "mae": 0.12540901251354397,
    "best_inner_cv_score": -0.028839447337079455,
    "scoring_metric_used": "neg_mean_squared_error"
}