{
    "accuracy_mean": 0.859964294595942,
    "accuracy_std": 0.06785012737783112,
    "precision_mean": 0.754227616771631,
    "precision_std": 0.21808419272419582,
    "recall_mean": 0.7186499615390062,
    "recall_std": 0.17403163148990827,
    "f1_mean": 0.7295911412999581,
    "f1_std": 0.185779816396639,
    "roc_auc_mean": 0.9208258578852904,
    "roc_auc_std": 0.05283171578505635,
    "pr_auc_mean": 0.8545131525017313,
    "pr_auc_std": 0.14526477317238648,
    "balanced_accuracy_mean": 0.8172756796034808,
    "balanced_accuracy_std": 0.1092526231542433,
    "mcc_mean": 0.6401343588544646,
    "mcc_std": 0.22409080975947832,
    "best_inner_cv_pr_auc_mean": 0.8869889199926316,
    "best_inner_cv_pr_auc_std": 0.03163353164688447,
    "default_threshold_mean": 0.5,
    "default_threshold_std": 0.0,
    "optimal_threshold_mean": 0.3584624749419491,
    "optimal_threshold_std": 0.22279422806496602,
    "optimal_f1_mean": 0.80290854581664,
    "optimal_f1_std": 0.15128192076004537,
    "threshold_improvement_mean": 0.07331740451668174,
    "threshold_improvement_std": 0.0640373900649173,
    "threshold_used_mean": 0.5,
    "threshold_used_std": 0.0
}