{
    "r2": 0.7870862309437276,
    "mse": 0.015223198042330095,
    "rmse": 0.12338232467549837,
    "mae": 0.09131644426399511,
    "best_inner_cv_score": -0.024701478524997215,
    "scoring_metric_used": "neg_mean_squared_error"
}