{
    "roc_auc": 0.9152202500405101,
    "pr_ap": 0.9038786858611179,
    "optimal_threshold": 91.12046398046398,
    "optimal_f1": 0.8123827343708486,
    "accuracy": 0.8787878787878788,
    "precision": 0.9885844748858448,
    "recall": 0.6894904458598726,
    "f1": 0.8123827392120075,
    "balanced_accuracy": 0.8422990389769031,
    "mcc": 0.7527531474779544
}