{
    "best_params": {
        "n_estimators": 500,
        "min_samples_split": 2,
        "min_samples_leaf": 2,
        "max_features": "log2",
        "max_depth": 10,
        "class_weight": null
    },
    "pr_auc": 0.8836315260427878,
    "roc_auc": 0.9452600535165013,
    "f1": 0.82530438121409,
    "balanced_acc": 0.870854946379478
}