{
    "accuracy": 0.812,
    "precision": 0.6818181818181818,
    "recall": 0.5329949238578681,
    "f1": 0.5982905982905983,
    "roc_auc": 0.8977611734792228,
    "pr_auc": 0.8287308323920123,
    "balanced_accuracy": 0.7221936644605795,
    "mcc": 0.48414322142139593,
    "best_inner_cv_pr_auc": 0.8836315260427878
}