{
    "accuracy": 0.8833333333333333,
    "precision": 0.6511627906976745,
    "recall": 0.9180327868852459,
    "f1": 0.7619047619047619,
    "roc_auc": 0.8999245490088483,
    "pr_auc": 0.6154695768004179,
    "balanced_accuracy": 0.8962548871664724,
    "mcc": 0.7053625257960423,
    "best_inner_cv_pr_auc": 0.9745427197300583
}