{
    "accuracy_mean": 0.8526736489854857,
    "accuracy_std": 0.08345967585738695,
    "precision_mean": 0.8402220835283716,
    "precision_std": 0.18489470746010658,
    "recall_mean": 0.6122676385909939,
    "recall_std": 0.2219990149932907,
    "f1_mean": 0.6870462734611424,
    "f1_std": 0.19436323159025864,
    "roc_auc_mean": 0.9370821497307688,
    "roc_auc_std": 0.04817854542423635,
    "pr_auc_mean": 0.8800040645045192,
    "pr_auc_std": 0.11562068017163456,
    "balanced_accuracy_mean": 0.7870462664716747,
    "balanced_accuracy_std": 0.11926028685728703,
    "mcc_mean": 0.6267170019882367,
    "mcc_std": 0.2124656785267787,
    "best_inner_cv_pr_auc_mean": 0.9218738437590789,
    "best_inner_cv_pr_auc_std": 0.01919081402225854,
    "default_threshold_mean": 0.5,
    "default_threshold_std": 0.0,
    "optimal_threshold_mean": 0.33435556867095345,
    "optimal_threshold_std": 0.1880109919123746,
    "optimal_f1_mean": 0.826961289190448,
    "optimal_f1_std": 0.1301541080376721,
    "threshold_improvement_mean": 0.1399150157293055,
    "threshold_improvement_std": 0.15313156440956494
}