{
    "accuracy_mean": 0.8462686729659574,
    "accuracy_std": 0.06451827234810335,
    "precision_mean": 0.7035514519627014,
    "precision_std": 0.20404360167526941,
    "recall_mean": 0.7171475119955059,
    "recall_std": 0.1580534670700574,
    "f1_mean": 0.7023874462291614,
    "f1_std": 0.1706256553326801,
    "roc_auc_mean": 0.9148056082672126,
    "roc_auc_std": 0.05985933944373244,
    "pr_auc_mean": 0.8014482805225346,
    "pr_auc_std": 0.18161599585615287,
    "balanced_accuracy_mean": 0.8054231700870896,
    "balanced_accuracy_std": 0.09923018144300119,
    "mcc_mean": 0.6052195013075347,
    "mcc_std": 0.20516521552352923,
    "best_inner_cv_pr_auc_mean": 0.8878918163112153,
    "best_inner_cv_pr_auc_std": 0.03498750109524791,
    "default_threshold_mean": 0.5,
    "default_threshold_std": 0.0,
    "optimal_threshold_mean": 0.442546010017395,
    "optimal_threshold_std": 0.33261170983314514,
    "optimal_f1_mean": 0.7735340157424695,
    "optimal_f1_std": 0.13556937520171122,
    "threshold_improvement_mean": 0.0711465695133081,
    "threshold_improvement_std": 0.04238363510597491
}