{
    "r2_mean": 0.705595580981746,
    "r2_std": 0.010949123487148826,
    "mse_mean": 0.02718377632129915,
    "mse_std": 0.0014192614261950877,
    "rmse_mean": 0.16481880601542764,
    "rmse_std": 0.00430552028772202,
    "mae_mean": 0.09941640629148624,
    "mae_std": 0.0006134328944783496,
    "best_inner_cv_score_mean": -0.022863955890108416,
    "best_inner_cv_score_std": 0.008592438527532295,
    "scoring_metric_used": "neg_mean_squared_error"
}