{
    "accuracy": 0.8858225108225108,
    "precision": 0.8990990990990991,
    "recall": 0.7629969418960245,
    "f1": 0.8254755996691481,
    "roc_auc": 0.9162927276545829,
    "pr_auc": 0.890254606117377,
    "balanced_accuracy": 0.8580478846833557,
    "mcc": 0.7469927581896434,
    "best_inner_cv_roc_auc": 0.9484793726324019
}