model_name,r2_mean,r2_std,mse_mean,mse_std,rmse_mean,rmse_std,mae_mean,mae_std,best_inner_cv_score_mean,best_inner_cv_score_std,scoring_metric_used_mean,scoring_metric_used_std
rf,0.7391223231963574,0.0004456650685186192,0.023821540939173172,0.0023319998664425353,0.15415683897790056,0.007563724976148614,0.09313842870324429,0.0018286082655283309,-0.025000176169197353,0.0041735575086577666,N/A,N/A
lgbm,0.6863931621941424,0.026881191753370948,0.02888576144717259,0.005307299212197875,0.16923322840559255,0.01568042890335386,0.10076271010997781,0.009086838288339928,-0.026611925538141457,0.007010692973063559,N/A,N/A
xgb,0.7020225515831956,0.0017015624383324157,0.02722934051969146,0.002865528335976652,0.16478392177345902,0.008694805613123191,0.10435130747678531,0.004774242094269736,-0.03064971773991369,0.005389598406297023,N/A,N/A
lr,-200192331.65607634,200192331.18039647,20104050.583926685,20104050.46257632,3170.66708204951,3170.318728256566,73.98820454354109,73.69323164634673,-8133764.442040222,8133764.391306017,N/A,N/A
ridge,-369757839.1243081,369757839.69640565,37132442.72255351,37132442.68736558,4308.947625029528,4308.760040580804,100.38383945595969,100.24437006853704,-37137.715898542534,37137.68608266443,N/A,N/A
lasso,0.6529217868065365,0.054092516034792315,0.03219014448272155,0.00809689614253335,0.17796815929448853,0.02274815948715636,0.13272104515294708,0.02160712482450139,-0.025494995533256144,0.00225730514340846,N/A,N/A
en,0.654386362284988,0.012793525201549971,0.03144805333738256,0.0019749668802832993,0.17724845631646638,0.005571182173674666,0.13055731752010552,0.004824951495232613,-0.026521077163995682,0.0009253302464187641,N/A,N/A
