{
    "r2": 0.19558601042755652,
    "mse": 0.04696188644455505,
    "rmse": 0.21670691369809836,
    "mae": 0.12019499147790806,
    "best_inner_cv_score": -0.02624187395353657,
    "scoring_metric_used": "neg_mean_squared_error"
}