accuracy,precision,recall,f1,mcc,roc_auc,pr_auc
0.8477970627503337,0.7875647668393783,0.9047619047619048,0.8421052631578947,0.7028043587755636,0.9277643260694108,0.8846654879924498
