{
    "r2": -5164.069666422095,
    "mse": 476.4981593883793,
    "rmse": 21.828837792891754,
    "mae": 19.386869588982353
}