{
    "accuracy": 0.8266666666666667,
    "precision": 0.5546218487394958,
    "recall": 0.46153846153846156,
    "f1": 0.5038167938931297,
    "roc_auc": 0.8921210585131508,
    "pr_auc": 0.7029007914600601,
    "balanced_accuracy": 0.6871118996324928,
    "mcc": 0.4023514840490713,
    "best_inner_cv_pr_auc": 0.9423017623512675
}