{
    "r2_mean": 0.705595580981746,
    "r2_std": 0.010949123487148826,
    "mse_mean": 0.027183776321299147,
    "mse_std": 0.001419261426195086,
    "rmse_mean": 0.16481880601542764,
    "rmse_std": 0.004305520287722006,
    "mae_mean": 0.09941640629148624,
    "mae_std": 0.0006134328944783565,
    "best_inner_cv_score_mean": -0.022863955890108423,
    "best_inner_cv_score_std": 0.008592438527532298,
    "scoring_metric_used_mean": "N/A",
    "scoring_metric_used_std": "N/A"
}