{
    "roc_auc": 0.9560138731349794,
    "pr_ap": 0.9480753395775267,
    "optimal_threshold": 0.0151067595191414,
    "optimal_f1": 0.8714733492332034,
    "accuracy": 0.9006060606060606,
    "precision": 0.8580246913580247,
    "recall": 0.8853503184713376,
    "f1": 0.8714733542319749,
    "balanced_accuracy": 0.8976653744998566,
    "mcc": 0.7907363059451884
}