{
    "roc_auc": 0.816349902534113,
    "pr_ap": 0.7313539967681919,
    "optimal_threshold": 0.2463361641285331,
    "optimal_f1": 0.648829426720059,
    "accuracy": 0.6818181818181818,
    "precision": 0.5243243243243243,
    "recall": 0.8508771929824561,
    "f1": 0.6488294314381271,
    "balanced_accuracy": 0.7217348927875243,
    "mcc": 0.4248870277339717
}