{
    "accuracy": 0.85,
    "precision": 0.5769230769230769,
    "recall": 0.9836065573770492,
    "f1": 0.7272727272727273,
    "roc_auc": 0.8671376637629468,
    "pr_auc": 0.4606023795296599,
    "balanced_accuracy": 0.8997530694835036,
    "mcc": 0.6761467509038416,
    "best_inner_cv_pr_auc": 0.9692507555836447
}