accuracy,precision,recall,f1,mcc,roc_auc,pr_auc
0.8615897720956087,0.6781045751633987,0.8886509635974305,0.7692307692307693,0.6854612990711174,0.9396779005986714,0.8863450246041635
