{
    "r2": 0.7625798761055071,
    "mse": 0.033051069157556116,
    "rmse": 0.18179953013568576,
    "mae": 0.12148774797797053
}