{
    "r2": 0.76258498806712,
    "mse": 0.03305035752539105,
    "rmse": 0.18179757293591972,
    "mae": 0.12148739092919883
}