{
    "accuracy": 0.8186666666666667,
    "precision": 0.6894409937888198,
    "recall": 0.5634517766497462,
    "f1": 0.6201117318435754,
    "roc_auc": 0.8943189432812256,
    "pr_auc": 0.771447522602988,
    "balanced_accuracy": 0.7365179317245114,
    "mcc": 0.5070130777691975,
    "best_inner_cv_pr_auc": 0.9186152330904799
}