{
    "r2": 0.43738811644842657,
    "mse": 0.06886513388523657,
    "rmse": 0.26242167190465915,
    "mae": 0.16988448847662208,
    "best_inner_cv_score": -0.027315155371381034,
    "scoring_metric_used": "neg_mean_squared_error"
}