{
    "best_params": {
        "subsample": 0.6,
        "scale_pos_weight": 7,
        "n_estimators": 300,
        "max_depth": 10,
        "learning_rate": 0.01,
        "gamma": 0,
        "colsample_bytree": 1.0
    },
    "pr_auc": 0.3181679256979671,
    "roc_auc": 0.906150179963571,
    "f1": 0.18284280628335683,
    "balanced_acc": 0.5727790869414583
}