{
    "accuracy": 0.9399141630901288,
    "precision": 0.0,
    "recall": 0.0,
    "f1": 0.0,
    "roc_auc": 0.9811734435022107,
    "pr_auc": 0.9170218140052612,
    "balanced_accuracy": 0.5,
    "mcc": 0.0,
    "best_inner_cv_pr_auc": 0.3181679256979671
}