model,fold,accuracy,precision,recall,f1,mcc,roc_auc,pr_auc
logistic,0,0.8739177489177489,0.905587668593449,0.7186544342507645,0.8013640238704177,0.7209887055835507,0.9510972292655939,0.9272085870335722
logistic,1,0.9260700389105059,0.8938679245283019,0.8115631691648822,0.8507295173961841,0.8034016207894471,0.9428770312067958,0.9221076170372067
