{
    "roc_auc": 0.37325234857220385,
    "pr_ap": 0.17277478543317001,
    "optimal_threshold": 4.0,
    "optimal_f1": 0.37379380092207276,
    "accuracy": 0.25272727272727274,
    "precision": 0.22985633978763273,
    "recall": 1.0,
    "f1": 0.3737938039614017,
    "balanced_accuracy": 0.5191107644305772,
    "mcc": 0.09373078856550993
}