{
    "roc_auc": 0.12653021442495127,
    "pr_ap": 0.20899825313723672,
    "optimal_threshold": 1.8221213840045376,
    "optimal_f1": 0.513513509696859,
    "accuracy": 0.34545454545454546,
    "precision": 0.34545454545454546,
    "recall": 1.0,
    "f1": 0.5135135135135135,
    "balanced_accuracy": 0.5,
    "mcc": 0.0
}