{
    "r2": 0.6187035114069238,
    "mse": 0.035176113146545375,
    "rmse": 0.18755296091116602,
    "mae": 0.11663899404930667
}