{
    "r2": 0.7025144772504769,
    "mse": 0.030030080049595034,
    "rmse": 0.17329189262511688,
    "mae": 0.11442213680713607,
    "best_inner_cv_score": -0.017584444884693715,
    "scoring_metric_used": "neg_mean_squared_error"
}