{
    "r2": 0.5848448626042826,
    "mse": 0.04190839908364584,
    "rmse": 0.2047154099808948,
    "mae": 0.12172163870187672,
    "best_inner_cv_score": -0.01810360899833063,
    "scoring_metric_used": "neg_mean_squared_error"
}