{
    "roc_auc": 0.9721783625730993,
    "pr_ap": 0.956544531952445,
    "optimal_threshold": 79.29675380571375,
    "optimal_f1": 0.8909090859157025,
    "accuracy": 0.9272727272727272,
    "precision": 0.9245283018867925,
    "recall": 0.8596491228070176,
    "f1": 0.8909090909090909,
    "balanced_accuracy": 0.9113060428849902,
    "mcc": 0.8377172247495246
}