{
    "roc_auc": 0.7467543859649123,
    "pr_ap": 0.5650940732036895,
    "optimal_threshold": 0.224286047678629,
    "optimal_f1": 0.6081081035573713,
    "accuracy": 0.6133333333333333,
    "precision": 0.4678638941398866,
    "recall": 0.868421052631579,
    "f1": 0.6081081081081081,
    "balanced_accuracy": 0.6735623781676413,
    "mcc": 0.34413687149704375
}