{
    "accuracy_mean": 0.8951860139699857,
    "accuracy_std": 0.042642447894661005,
    "precision_mean": 0.1940840003233891,
    "precision_std": 0.18756336425869982,
    "recall_mean": 0.2905629510825982,
    "recall_std": 0.31349367536858314,
    "f1_mean": 0.22984628897672374,
    "f1_std": 0.23178770173001964,
    "roc_auc_mean": 0.9089702938518519,
    "roc_auc_std": 0.06905770810923552,
    "pr_auc_mean": 0.5174773285325123,
    "pr_auc_std": 0.24658570571409638,
    "balanced_accuracy_mean": 0.6246089890423048,
    "balanced_accuracy_std": 0.14599669958525432,
    "mcc_mean": 0.19734379348384384,
    "mcc_std": 0.23715298862607906,
    "best_inner_cv_pr_auc_mean": 0.41109161269277433,
    "best_inner_cv_pr_auc_std": 0.07648035363039707,
    "default_threshold_mean": 0.5,
    "default_threshold_std": 0.0,
    "optimal_threshold_mean": 0.31571537256240845,
    "optimal_threshold_std": 0.2597285807132721,
    "optimal_f1_mean": 0.6201378245839324,
    "optimal_f1_std": 0.1435590763552462,
    "threshold_improvement_mean": 0.39029153560720864,
    "threshold_improvement_std": 0.3321004099820347
}