{
    "r2": 0.1646591721956039,
    "mse": 0.04876740286267458,
    "rmse": 0.22083342786515492,
    "mae": 0.16044574293018754,
    "best_inner_cv_score": -0.030935939104301664,
    "scoring_metric_used": "neg_mean_squared_error"
}