{
    "accuracy": 0.9685264663805436,
    "precision": 1.0,
    "recall": 0.6944444444444444,
    "f1": 0.819672131147541,
    "roc_auc": 0.99317738791423,
    "pr_auc": 0.9496185724944226,
    "balanced_accuracy": 0.8472222222222222,
    "mcc": 0.8190872693445186,
    "best_inner_cv_pr_auc": 0.9647081689400486
}