{
    "r2": 0.6453922375365384,
    "mse": 0.03271397232396259,
    "rmse": 0.1808700426382506,
    "mae": 0.09780481407507054
}