{
    "accuracy": 0.8013333333333333,
    "precision": 0.48,
    "recall": 0.5034965034965035,
    "f1": 0.49146757679180886,
    "roc_auc": 0.8389189064642112,
    "pr_auc": 0.5665691349820705,
    "balanced_accuracy": 0.6874978398866373,
    "mcc": 0.3682708751965066,
    "best_inner_cv_pr_auc": 0.9181643319137093
}