{
    "best_params": {
        "subsample": 0.8,
        "scale_pos_weight": 7,
        "n_estimators": 300,
        "max_depth": 5,
        "learning_rate": 0.1,
        "gamma": 0,
        "colsample_bytree": 0.6
    },
    "pr_auc": 0.9668384460857374,
    "roc_auc": 0.9628552840801708,
    "f1": 0.849530398748227,
    "balanced_acc": 0.8863932610958694
}