{
    "accuracy": 0.82,
    "precision": 0.5309734513274337,
    "recall": 0.9836065573770492,
    "f1": 0.6896551724137931,
    "roc_auc": 0.8962205912614033,
    "pr_auc": 0.5337678582716257,
    "balanced_accuracy": 0.8809246176006584,
    "mcc": 0.6328093375770608,
    "best_inner_cv_pr_auc": 0.9668384460857374
}