{
    "r2_mean": 0.6863931621941424,
    "r2_std": 0.026881191753370948,
    "mse_mean": 0.02888576144717259,
    "mse_std": 0.005307299212197875,
    "rmse_mean": 0.16923322840559255,
    "rmse_std": 0.01568042890335386,
    "mae_mean": 0.10076271010997781,
    "mae_std": 0.009086838288339928,
    "best_inner_cv_score_mean": -0.026611925538141457,
    "best_inner_cv_score_std": 0.007010692973063559,
    "scoring_metric_used_mean": "N/A",
    "scoring_metric_used_std": "N/A"
}