{
    "roc_auc": 0.8860916179337233,
    "pr_ap": 0.8799547078345266,
    "optimal_threshold": 0.6599378654294142,
    "optimal_f1": 0.8190476140843538,
    "accuracy": 0.8848484848484849,
    "precision": 0.8958333333333334,
    "recall": 0.7543859649122807,
    "f1": 0.819047619047619,
    "balanced_accuracy": 0.8540448343079923,
    "mcc": 0.7413512324392689
}