accuracy,precision,recall,f1,mcc,roc_auc,pr_auc
0.8517316017316018,0.9545454545454546,0.6100917431192661,0.7444029850746269,0.6791286675208027,0.9369451743938859,0.9086928033019179
