{
    "roc_auc": 0.07183069931492914,
    "pr_ap": 0.13664541452229917,
    "optimal_threshold": 0.7659414788737001,
    "optimal_f1": 0.3647175391388308,
    "accuracy": 0.22303030303030302,
    "precision": 0.22303030303030302,
    "recall": 1.0,
    "f1": 0.3647175421209118,
    "balanced_accuracy": 0.5,
    "mcc": 0.0
}