MSE,RMSE,MAE,R2
0.017101728604243936,0.13077357762271374,0.08671363876428097,0.7608128407459309
