{
    "r2": 0.7214683666547683,
    "mse": 0.025316981299061295,
    "rmse": 0.1591131085079457,
    "mae": 0.09719534019510401,
    "best_inner_cv_score": -0.03803339998198444,
    "scoring_metric_used": "neg_mean_squared_error"
}