{
    "r2": 0.7624942353672048,
    "mse": 0.016132639012249296,
    "rmse": 0.12701432601186882,
    "mae": 0.10726084621492625,
    "best_inner_cv_score": -0.036815432970143704,
    "scoring_metric_used": "neg_mean_squared_error"
}