{
    "best_params": {
        "subsample": 1.0,
        "reg_lambda": 0,
        "reg_alpha": 0.01,
        "num_leaves": 20,
        "n_estimators": 100,
        "max_depth": -1,
        "learning_rate": 0.2,
        "colsample_bytree": 0.6,
        "class_weight": "balanced"
    },
    "pr_auc": 0.3282104590993233,
    "roc_auc": 0.8738289212241,
    "f1": 0.17921658986175115,
    "balanced_acc": 0.5510276805754722
}