{
    "accuracy": 0.9685264663805436,
    "precision": 1.0,
    "recall": 0.47619047619047616,
    "f1": 0.6451612903225806,
    "roc_auc": 0.997245778067696,
    "pr_auc": 0.9787518037518039,
    "balanced_accuracy": 0.7380952380952381,
    "mcc": 0.6787942429317767,
    "best_inner_cv_pr_auc": 0.3282104590993233
}