{
    "r2": 0.6868888545715804,
    "mse": 0.02574823500958203,
    "rmse": 0.1604625657578179,
    "mae": 0.11604152919201598,
    "best_inner_cv_score": -0.023566737780300738,
    "scoring_metric_used": "neg_mean_squared_error"
}