{
    "accuracy_mean": 0.8652480831857832,
    "accuracy_std": 0.06590176962510469,
    "precision_mean": 0.049019607843137254,
    "precision_std": 0.06620369810248679,
    "recall_mean": 0.11146752205292702,
    "recall_std": 0.19033575672962122,
    "f1_mean": 0.06438304109440313,
    "f1_std": 0.09635706033540337,
    "roc_auc_mean": 0.9121026998798973,
    "roc_auc_std": 0.06916625050948906,
    "pr_auc_mean": 0.4836626803321809,
    "pr_auc_std": 0.2921218374819955,
    "balanced_accuracy_mean": 0.5247570742251004,
    "balanced_accuracy_std": 0.07456290025150467,
    "mcc_mean": 0.013935487192703194,
    "mcc_std": 0.1093664466044413,
    "best_inner_cv_pr_auc_mean": 0.39386754597847856,
    "best_inner_cv_pr_auc_std": 0.07811847895841119,
    "default_threshold_mean": 0.5,
    "default_threshold_std": 0.0,
    "optimal_threshold_mean": 0.1426245236470286,
    "optimal_threshold_std": 0.10047578574393654,
    "optimal_f1_mean": 0.6879260205716637,
    "optimal_f1_std": 0.22032387114386678,
    "threshold_improvement_mean": 0.6235429794772606,
    "threshold_improvement_std": 0.3028269672761389
}