{
    "r2": -0.5884590150189932,
    "mse": 0.2210350118500961,
    "rmse": 0.4701436076882213,
    "mae": 0.4142891326071271
}