{
    "r2": 0.713652793022078,
    "mse": 0.018486520491261982,
    "rmse": 0.13596514439834195,
    "mae": 0.09174057369619261,
    "best_inner_cv_score": -0.0244196960184429,
    "scoring_metric_used": "neg_mean_squared_error"
}