{
    "r2": 0.8083636004276622,
    "mse": 0.017687430149406484,
    "rmse": 0.13299409817509378,
    "mae": 0.08793929652836446
}