{
    "r2_mean": 0.7364285512125668,
    "r2_std": 0.10821544493453525,
    "mse_mean": 0.021628224189743913,
    "mse_std": 0.005757257422552496,
    "rmse_mean": 0.14566682640695053,
    "rmse_std": 0.020233632256005312,
    "mae_mean": 0.09707946800705632,
    "mae_std": 0.012384171294124217,
    "best_inner_cv_score_mean": -0.021468328391425973,
    "best_inner_cv_score_std": 0.003043580234324646,
    "scoring_metric_used": "neg_mean_squared_error"
}