{
    "r2": -0.563481033786579,
    "mse": 0.14423732552556504,
    "rmse": 0.37978589432147825,
    "mae": 0.3348060532162476
}