{
    "roc_auc": 0.7719627535101403,
    "pr_ap": 0.5673133827103573,
    "optimal_threshold": 0.9,
    "optimal_f1": 0.63116882617858,
    "accuracy": 0.8278787878787879,
    "precision": 0.6044776119402985,
    "recall": 0.6603260869565217,
    "f1": 0.6311688311688312,
    "balanced_accuracy": 0.7681505629790408,
    "mcc": 0.5200634246041187
}