{
    "best_params": {
        "n_estimators": 100,
        "min_samples_split": 2,
        "min_samples_leaf": 4,
        "max_features": "sqrt",
        "max_depth": 30,
        "class_weight": "balanced"
    },
    "pr_auc": 0.9409482501873107,
    "roc_auc": 0.9401346792192795,
    "f1": 0.8529973505766103,
    "balanced_acc": 0.8835068845590047
}