{
    "accuracy": 0.8735632183908046,
    "precision": 0.7414965986394558,
    "recall": 0.9478260869565217,
    "f1": 0.8320610687022901,
    "roc_auc": 0.9794737824220937,
    "pr_auc": 0.9779419269617192,
    "balanced_accuracy": 0.8923679791005785,
    "mcc": 0.7472978588622331,
    "best_inner_cv_pr_auc": 0.9409482501873107
}