{
    "roc_auc": 0.12527979380044768,
    "pr_ap": 0.1282678770143769,
    "optimal_threshold": -55.21879402462241,
    "optimal_f1": 0.3652605429201781,
    "accuracy": 0.22484848484848485,
    "precision": 0.22343655130540377,
    "recall": 1.0,
    "f1": 0.3652605459057072,
    "balanced_accuracy": 0.501170046801872,
    "mcc": 0.022866185614405104
}