{
    "colsample_bytree": 0.6488152939379115,
    "learning_rate": 0.10903538202225403,
    "max_depth": 20,
    "min_child_samples": 12,
    "n_estimators": 305,
    "num_leaves": 36,
    "reg_alpha": 0.2587799816000169,
    "reg_lambda": 0.662522284353982,
    "subsample": 0.7246844304357644
}