{
    "r2": 0.5886148676778347,
    "mse": 0.04152783080220556,
    "rmse": 0.2037837844437225,
    "mae": 0.12010216439466288,
    "best_inner_cv_score": -0.01702752789012426,
    "scoring_metric_used": "neg_mean_squared_error"
}