{
    "accuracy": 0.8627015008337966,
    "precision": 0.8358895705521472,
    "recall": 0.7956204379562044,
    "f1": 0.8152580403889305,
    "roc_auc": 0.9286047517330853,
    "pr_auc": 0.9158090861453332,
    "balanced_accuracy": 0.849785084328192,
    "mcc": 0.7066651208441207,
    "best_inner_cv_pr_auc": 0.8516879268248144
}