{
    "r2": -281.77748202005085,
    "mse": 26.087344102054054,
    "rmse": 5.107577126393106,
    "mae": 4.938948933789323
}