{
    "r2": 0.7809829225541756,
    "mse": 0.030489195501239814,
    "rmse": 0.17461155603578996,
    "mae": 0.10086753849002318
}