{
    "r2": 0.5753209352352469,
    "mse": 0.024792868191492446,
    "rmse": 0.15745751233743166,
    "mae": 0.10054360295167306,
    "best_inner_cv_score": -0.022114793531028226,
    "scoring_metric_used": "neg_mean_squared_error"
}