{
    "r2": 0.5393167470644172,
    "mse": 0.042499856974226806,
    "rmse": 0.2061549343921382,
    "mae": 0.13438395064683056
}