{
    "roc_auc": 0.924483029404066,
    "pr_ap": 0.9124286574379973,
    "optimal_threshold": 87.95036293510803,
    "optimal_f1": 0.8451443520042498,
    "accuracy": 0.8927272727272727,
    "precision": 0.9378640776699029,
    "recall": 0.7691082802547771,
    "f1": 0.8451443569553806,
    "balanced_accuracy": 0.8688985628279756,
    "mcc": 0.7731089187834886
}