{
    "r2": 0.7132743539475133,
    "mse": 0.023578462234974715,
    "rmse": 0.15355279950223868,
    "mae": 0.09167587182163787,
    "best_inner_cv_score": -0.033622618511205016,
    "scoring_metric_used": "neg_mean_squared_error"
}