{
    "r2": -0.34023748272189924,
    "mse": 0.12364222264259989,
    "rmse": 0.3516279605529115,
    "mae": 0.30320742150877183
}