{
    "r2_mean": 0.6674919785993036,
    "r2_std": 0.19003375786278345,
    "mse_mean": 0.026522270775093088,
    "mse_std": 0.011265194902951747,
    "rmse_mean": 0.15929652679639855,
    "rmse_std": 0.03386572493978793,
    "mae_mean": 0.09874821783318419,
    "mae_std": 0.017164486037122628,
    "best_inner_cv_score_mean": -0.02275342979434993,
    "best_inner_cv_score_std": 0.002970515836619128,
    "scoring_metric_used_mean": "N/A",
    "scoring_metric_used_std": "N/A"
}