{
    "r2": 0.7925143726604738,
    "mse": 0.02413903506479006,
    "rmse": 0.1553674195730561,
    "mae": 0.10383525876595218,
    "best_inner_cv_score": -0.025906026836313833,
    "scoring_metric_used": "neg_mean_squared_error"
}