{
    "roc_auc": 0.9347974462456758,
    "pr_ap": 0.8244834718543582,
    "optimal_threshold": 0.1059115302074079,
    "optimal_f1": 0.7372448929779258,
    "accuracy": 0.8751515151515151,
    "precision": 0.6947115384615384,
    "recall": 0.7853260869565217,
    "f1": 0.7372448979591837,
    "balanced_accuracy": 0.8431310621990097,
    "mcc": 0.6578906392339122
}