{
    "best_params": {
        "model__solver": "saga",
        "model__penalty": "elasticnet",
        "model__max_iter": 1000,
        "model__l1_ratio": 0.5,
        "model__class_weight": "balanced",
        "model__C": 0.005994842503189409
    },
    "pr_auc": 0.9799792833695697,
    "roc_auc": 0.9904301810091022,
    "f1": 0.8934331204079804,
    "balanced_acc": 0.9402481161040775
}