{
    "accuracy": 0.9699570815450643,
    "precision": 1.0,
    "recall": 0.7083333333333334,
    "f1": 0.8292682926829268,
    "roc_auc": 0.997762714867978,
    "pr_auc": 0.9857794506956076,
    "balanced_accuracy": 0.8541666666666667,
    "mcc": 0.8278756467125683,
    "best_inner_cv_pr_auc": 0.9799792833695697
}