accuracy,precision,recall,f1,mcc,roc_auc,pr_auc
0.9145527369826435,0.7857142857142857,0.7960526315789473,0.7908496732026143,0.7371861479804636,0.9687692850215992,0.9202761237472229
