{
    "r2": 0.8031166897687142,
    "mse": 0.0229055534606641,
    "rmse": 0.15134580754240964,
    "mae": 0.10643006504500147,
    "best_inner_cv_score": -0.019619405940994063,
    "scoring_metric_used": "neg_mean_squared_error"
}