{
    "r2": 0.6897509138024368,
    "mse": 0.02002962120677772,
    "rmse": 0.1415260442702251,
    "mae": 0.10716144371432233,
    "best_inner_cv_score": -0.02396832755076755,
    "scoring_metric_used": "neg_mean_squared_error"
}