{
    "roc_auc": 0.1819524598950478,
    "pr_ap": 0.24828884852936733,
    "optimal_threshold": 3.070131172839506,
    "optimal_f1": 0.5513608388509861,
    "accuracy": 0.3806060606060606,
    "precision": 0.3806060606060606,
    "recall": 1.0,
    "f1": 0.5513608428446005,
    "balanced_accuracy": 0.5,
    "mcc": 0.0
}