{
    "best_params": {
        "subsample": 0.8,
        "reg_lambda": 0.1,
        "reg_alpha": 0.1,
        "num_leaves": 20,
        "n_estimators": 500,
        "max_depth": 30,
        "learning_rate": 0.2,
        "colsample_bytree": 0.6,
        "class_weight": null
    },
    "pr_auc": 0.9450084399691231,
    "roc_auc": 0.975640475277111,
    "f1": 0.8555184005056695,
    "balanced_acc": 0.9107965781622059
}