{
    "accuracy": 0.9384835479256081,
    "precision": 0.8266129032258065,
    "recall": 1.0,
    "f1": 0.9050772626931567,
    "roc_auc": 0.9885257233139133,
    "pr_auc": 0.9669491030487123,
    "balanced_accuracy": 0.9564777327935223,
    "mcc": 0.868712131793251,
    "best_inner_cv_pr_auc": 0.9450084399691231
}