{
    "r2": 0.08604809041425032,
    "mse": 0.12717694901513632,
    "rmse": 0.3566187726622595,
    "mae": 0.34135536530890775
}