{
    "r2": -0.018613461833506983,
    "mse": 0.0939711312796505,
    "rmse": 0.3065471110280612,
    "mae": 0.27901123095640795
}