{
    "roc_auc": 0.9496039363306616,
    "pr_ap": 0.9503692989413153,
    "optimal_threshold": 0.0129565276330232,
    "optimal_f1": 0.9066666616775556,
    "accuracy": 0.9321212121212121,
    "precision": 0.951048951048951,
    "recall": 0.8662420382165605,
    "f1": 0.9066666666666666,
    "balanced_accuracy": 0.919422388971294,
    "mcc": 0.8558141842735594
}