{
    "accuracy": 0.7296137339055794,
    "precision": 1.0,
    "recall": 0.3176895306859206,
    "f1": 0.4821917808219178,
    "roc_auc": 0.9605283419166081,
    "pr_auc": 0.9639801077144233,
    "balanced_accuracy": 0.6588447653429603,
    "mcc": 0.46842177119282996,
    "best_inner_cv_pr_auc": 0.9134007689494951
}