{
    "accuracy": 0.8793774319066148,
    "precision": 0.8726114649681529,
    "recall": 0.8,
    "f1": 0.8347296268088348,
    "roc_auc": 0.9438021727450235,
    "pr_auc": 0.9380487628098839,
    "balanced_accuracy": 0.8640933572710952,
    "mcc": 0.741775291512025,
    "best_inner_cv_pr_auc": 0.8805224499797963
}