{
    "r2": 0.7861398969679635,
    "mse": 0.029771297139475014,
    "rmse": 0.1725436093846278,
    "mae": 0.0995388580849888
}