{
    "r2": 0.820301316986708,
    "mse": 0.012549245110507848,
    "rmse": 0.11202341322468196,
    "mae": 0.06478658547394968,
    "best_inner_cv_score": -0.02879653463376126,
    "scoring_metric_used": "neg_mean_squared_error"
}