{
    "accuracy": 0.7426666666666667,
    "precision": 0.37373737373737376,
    "recall": 0.5174825174825175,
    "f1": 0.4340175953079179,
    "roc_auc": 0.8001635925853389,
    "pr_auc": 0.565259822398946,
    "balanced_accuracy": 0.6565995783458716,
    "mcc": 0.27911348174580247,
    "best_inner_cv_roc_auc": 0.9523089370101093
}