{
    "accuracy": 0.8931909212283045,
    "precision": 0.76171875,
    "recall": 0.9112149532710281,
    "f1": 0.8297872340425532,
    "roc_auc": 0.9819722246484408,
    "pr_auc": 0.9655777919085373,
    "balanced_accuracy": 0.8985981308411215,
    "mcc": 0.7592863437299843,
    "best_inner_cv_pr_auc": 0.8931589787355182
}