{
    "roc_auc": 0.874136824261159,
    "pr_ap": 0.8446978465151637,
    "optimal_threshold": 0.5424519451427022,
    "optimal_f1": 0.7761989293472863,
    "accuracy": 0.8472727272727273,
    "precision": 0.8775100401606426,
    "recall": 0.695859872611465,
    "f1": 0.7761989342806395,
    "balanced_accuracy": 0.8180864920787266,
    "mcc": 0.6728830386310879
}