{
    "roc_auc": 0.9242056530214424,
    "pr_ap": 0.9077388014371675,
    "optimal_threshold": 91.12046398046398,
    "optimal_f1": 0.8571428522285998,
    "accuracy": 0.9127272727272727,
    "precision": 0.9863013698630136,
    "recall": 0.7578947368421053,
    "f1": 0.8571428571428571,
    "balanced_accuracy": 0.8761695906432749,
    "mcc": 0.8101671328046243
}