{
    "r2": 0.4119082993151809,
    "mse": 0.039946277211066486,
    "rmse": 0.19986564790145026,
    "mae": 0.13980518063205233,
    "best_inner_cv_score": -0.04366669160483392,
    "scoring_metric_used": "neg_mean_squared_error"
}