{
    "best_params": {
        "n_estimators": 200,
        "min_samples_split": 2,
        "min_samples_leaf": 1,
        "max_features": "log2",
        "max_depth": null,
        "class_weight": "balanced_subsample"
    },
    "pr_auc": 0.3054583361185986,
    "roc_auc": 0.8802073715412021,
    "f1": 0.006944444444444444,
    "balanced_acc": 0.49278659493775834
}