{
    "accuracy": 0.9399141630901288,
    "precision": 0.0,
    "recall": 0.0,
    "f1": 0.0,
    "roc_auc": 0.985812133072407,
    "pr_auc": 0.9728136451412309,
    "balanced_accuracy": 0.5,
    "mcc": 0.0,
    "best_inner_cv_pr_auc": 0.3054583361185986
}