{
    "r2": 0.7450977669123495,
    "mse": 0.016456439037684102,
    "rmse": 0.12828265291022048,
    "mae": 0.0872492760650297,
    "best_inner_cv_score": -0.023555695139012855,
    "scoring_metric_used": "neg_mean_squared_error"
}