{
    "roc_auc": 0.08113808247982093,
    "pr_ap": 0.12654094756319612,
    "optimal_threshold": 4.25118869070257,
    "optimal_f1": 0.36489836092356276,
    "accuracy": 0.22363636363636363,
    "precision": 0.22316555488174653,
    "recall": 1.0,
    "f1": 0.36489836390679226,
    "balanced_accuracy": 0.500390015600624,
    "mcc": 0.013193790048791756
}