{
    "r2": -1.1631011655756094,
    "mse": 0.1995546605437412,
    "rmse": 0.44671541337157955,
    "mae": 0.4039279832670269
}