{
    "accuracy_mean": 0.8619476994600335,
    "accuracy_std": 0.06955102817153716,
    "precision_mean": 0.7514766500525863,
    "precision_std": 0.21477442965648935,
    "recall_mean": 0.724471576746903,
    "recall_std": 0.1824786428755894,
    "f1_mean": 0.7318064322425347,
    "f1_std": 0.18927779866368524,
    "roc_auc_mean": 0.9241770523137391,
    "roc_auc_std": 0.05395154838599141,
    "pr_auc_mean": 0.858501483504399,
    "pr_auc_std": 0.1434360522447994,
    "balanced_accuracy_mean": 0.819568109200449,
    "balanced_accuracy_std": 0.1126097094743226,
    "mcc_mean": 0.6430232793858998,
    "mcc_std": 0.22821015012218196,
    "best_inner_cv_pr_auc_mean": 0.8871793818403628,
    "best_inner_cv_pr_auc_std": 0.033940598055267016,
    "default_threshold_mean": 0.5,
    "default_threshold_std": 0.0,
    "optimal_threshold_mean": 0.45478843316205175,
    "optimal_threshold_std": 0.2542850373995752,
    "optimal_f1_mean": 0.808976384166115,
    "optimal_f1_std": 0.14412713573031,
    "threshold_improvement_mean": 0.07716995192358025,
    "threshold_improvement_std": 0.06773838740998371,
    "threshold_used_mean": 0.5,
    "threshold_used_std": 0.0
}