{
    "roc_auc": 0.8674052940378485,
    "pr_ap": 0.5454152431732998,
    "optimal_threshold": 91.73663341748708,
    "optimal_f1": 0.699438197252872,
    "accuracy": 0.8703030303030304,
    "precision": 0.7238372093023255,
    "recall": 0.6766304347826086,
    "f1": 0.699438202247191,
    "balanced_accuracy": 0.801263735332022,
    "mcc": 0.6174388671339418
}