{
    "r2": 0.7070143028413288,
    "mse": 0.024093248340188198,
    "rmse": 0.15521999980733217,
    "mae": 0.11111392032844569,
    "best_inner_cv_score": -0.02323769038984768,
    "scoring_metric_used": "neg_mean_squared_error"
}