{
    "accuracy": 0.8584779706275033,
    "precision": 1.0,
    "recall": 0.4976303317535545,
    "f1": 0.6645569620253164,
    "roc_auc": 0.9108775700769922,
    "pr_auc": 0.8650744542266013,
    "balanced_accuracy": 0.7488151658767772,
    "mcc": 0.6447652547011935,
    "best_inner_cv_roc_auc": 0.9605750253963091
}