{
    "roc_auc": 0.8978947368421052,
    "pr_ap": 0.8599618962965893,
    "optimal_threshold": 0.5533099830615865,
    "optimal_f1": 0.8170377491678765,
    "accuracy": 0.8854545454545455,
    "precision": 0.9114470842332614,
    "recall": 0.7403508771929824,
    "f1": 0.8170377541142304,
    "balanced_accuracy": 0.8511939571150098,
    "mcc": 0.7433793293388485
}