{
    "r2": 0.7165447044688948,
    "mse": 0.025764514895104063,
    "rmse": 0.16051328572770562,
    "mae": 0.10002983918596459,
    "best_inner_cv_score": -0.03145639441764071,
    "scoring_metric_used": "neg_mean_squared_error"
}