{
    "best_params": {
        "model__solver": "liblinear",
        "model__penalty": "l2",
        "model__class_weight": null,
        "model__C": 0.000774263682681127
    },
    "pr_auc": 0.48959522714370224,
    "roc_auc": 0.9200182145311574,
    "f1": 0.5279191670747029,
    "balanced_acc": 0.9066313453922937
}