{
    "accuracy": 0.8906666666666667,
    "precision": 0.4142857142857143,
    "recall": 1.0,
    "f1": 0.5858585858585859,
    "roc_auc": 0.9273470201315528,
    "pr_auc": 0.338633147888986,
    "balanced_accuracy": 0.9407514450867052,
    "mcc": 0.6043128779865715,
    "best_inner_cv_pr_auc": 0.48959522714370224
}