{
    "best_params": {
        "subsample": 0.8,
        "scale_pos_weight": 1,
        "n_estimators": 100,
        "max_depth": 10,
        "learning_rate": 0.2,
        "gamma": 1,
        "colsample_bytree": 0.6
    },
    "pr_auc": 0.4215877305244933,
    "roc_auc": 0.893067100325104,
    "f1": 0.07547169811320754,
    "balanced_acc": 0.5417635504920728
}