{
    "accuracy": 0.8254649499284692,
    "precision": 0.0,
    "recall": 0.0,
    "f1": 0.0,
    "roc_auc": 0.7854154258487194,
    "pr_auc": 0.3152389646361348,
    "balanced_accuracy": 0.4940068493150685,
    "mcc": -0.04463119029026438,
    "best_inner_cv_pr_auc": 0.4215877305244933
}