{
    "r2": 0.7625704886291701,
    "mse": 0.0330523759807712,
    "rmse": 0.18180312423270178,
    "mae": 0.12149485449864238
}