{
    "roc_auc": 0.6801348278102664,
    "pr_ap": 0.596880496824324,
    "optimal_threshold": 0.028497290962469,
    "optimal_f1": 0.5706462169543253,
    "accuracy": 0.5248484848484849,
    "precision": 0.4148089171974522,
    "recall": 0.9140350877192982,
    "f1": 0.5706462212486308,
    "balanced_accuracy": 0.6167397660818713,
    "mcc": 0.2604085200515018
}