{
    "r2": 0.6648479801530522,
    "mse": 0.02163734980333211,
    "rmse": 0.14709639629621152,
    "mae": 0.10771517918842437,
    "best_inner_cv_score": -686.9762907664034,
    "scoring_metric_used": "neg_mean_squared_error"
}