{
    "colsample_bytree": 0.9494314496427109,
    "learning_rate": 0.19417448010636265,
    "max_depth": -1,
    "min_child_samples": 26,
    "n_estimators": 125,
    "num_leaves": 55,
    "reg_alpha": 0.8062012797930613,
    "reg_lambda": 0.7482596903836584,
    "subsample": 0.6738084077425509
}