{
    "r2": 0.8288208344284961,
    "mse": 0.011954285198685143,
    "rmse": 0.10933565383115035,
    "mae": 0.05628856696611094,
    "best_inner_cv_score": -0.02880746081955228,
    "scoring_metric_used": "neg_mean_squared_error"
}