{
    "r2_mean": 0.7161675620307284,
    "r2_std": 0.08634237385514354,
    "mse_mean": 0.023575831372493868,
    "mse_std": 0.0029118389300140214,
    "rmse_mean": 0.15325643389354912,
    "rmse_std": 0.009396639970014746,
    "mae_mean": 0.10487936064541761,
    "mae_std": 0.005929352526850466,
    "best_inner_cv_score_mean": -0.02228222870797559,
    "best_inner_cv_score_std": 0.002915491161086077,
    "scoring_metric_used_mean": "N/A",
    "scoring_metric_used_std": "N/A"
}