accuracy,precision,recall,f1,mcc,roc_auc,pr_auc
0.8739177489177489,0.905587668593449,0.7186544342507645,0.8013640238704177,0.7209887055835507,0.9510972292655939,0.9272085870335722
