{
    "r2_mean": 0.7135593780411904,
    "r2_std": 0.07826934186003506,
    "mse_mean": 0.024026419631035342,
    "mse_std": 0.0030480872129781643,
    "rmse_mean": 0.15468888931032979,
    "rmse_std": 0.009887727492800471,
    "mae_mean": 0.1046320058521188,
    "mae_std": 0.004977071747972854,
    "best_inner_cv_score_mean": -0.023114494263602438,
    "best_inner_cv_score_std": 0.0036871330628038125,
    "scoring_metric_used": "neg_mean_squared_error"
}