{
    "r2": 0.8527161192081444,
    "mse": 0.015797084455976832,
    "rmse": 0.12568645295327907,
    "mae": 0.07472586042430532,
    "best_inner_cv_score": -0.027305730261778145,
    "scoring_metric_used": "neg_mean_squared_error"
}