{
    "roc_auc": 0.905751882249203,
    "pr_ap": 0.5907983721683573,
    "optimal_threshold": 79.7410941683079,
    "optimal_f1": 0.7578475287852159,
    "accuracy": 0.8690909090909091,
    "precision": 0.6450381679389313,
    "recall": 0.9184782608695652,
    "f1": 0.757847533632287,
    "balanced_accuracy": 0.8866962287187139,
    "mcc": 0.6915650157165346
}