{
    "roc_auc": 0.9447871352537176,
    "pr_ap": 0.9273605573577907,
    "optimal_threshold": 0.038459388971684,
    "optimal_f1": 0.8726415044347534,
    "accuracy": 0.9018181818181819,
    "precision": 0.8618012422360248,
    "recall": 0.8837579617834395,
    "f1": 0.8726415094339622,
    "balanced_accuracy": 0.8983369065277276,
    "mcc": 0.7929465022013918
}