{
    "r2": -2727.650890382306,
    "mse": 251.72886540779092,
    "rmse": 15.86596563111716,
    "mae": 14.207083790255597
}