{
    "rf": {
        "best_params": {
            "n_estimators": 200,
            "min_samples_split": 2,
            "min_samples_leaf": 1,
            "max_features": "log2",
            "max_depth": null,
            "class_weight": "balanced_subsample"
        },
        "nested_cv_metrics": {
            "accuracy_mean": 0.8602504176288461,
            "accuracy_std": 0.06819484520368835,
            "precision_mean": 0.7575063052962211,
            "precision_std": 0.22160288470735345,
            "recall_mean": 0.7164838965570568,
            "recall_std": 0.1722370202255575,
            "f1_mean": 0.7297659024969977,
            "f1_std": 0.1859604008838342,
            "roc_auc_mean": 0.9225865867413203,
            "roc_auc_std": 0.05294924098207666,
            "pr_auc_mean": 0.8567785431125226,
            "pr_auc_std": 0.14609031379167572,
            "balanced_accuracy_mean": 0.8171405144110843,
            "balanced_accuracy_std": 0.10911529934797908,
            "mcc_mean": 0.6410763039169647,
            "mcc_std": 0.225101865208467,
            "best_inner_cv_pr_auc_mean": 0.9357213230615773,
            "best_inner_cv_pr_auc_std": 0.017696506490414085,
            "default_threshold_mean": 0.5,
            "default_threshold_std": 0.0,
            "optimal_threshold_mean": 0.3669447109986516,
            "optimal_threshold_std": 0.25426294086026,
            "optimal_f1_mean": 0.8091865878962723,
            "optimal_f1_std": 0.1553196708646899,
            "threshold_improvement_mean": 0.07942068539927465,
            "threshold_improvement_std": 0.06346826529494114,
            "threshold_used_mean": 0.5,
            "threshold_used_std": 0.0
        },
        "test_metrics": {
            "accuracy": 0.9350728155339806,
            "precision": 0.9660107334525939,
            "recall": 0.8598726114649682,
            "f1": 0.9098567818028643,
            "roc_auc": 0.952000593230923,
            "pr_auc": 0.9502942222482691,
            "balanced_accuracy": 0.920622580242288,
            "mcc": 0.8629440582015185
        }
    },
    "xgb": {
        "best_params": {
            "subsample": 0.8,
            "scale_pos_weight": 3,
            "n_estimators": 300,
            "max_depth": 3,
            "learning_rate": 0.1,
            "gamma": 0.1,
            "colsample_bytree": 0.6
        },
        "nested_cv_metrics": {
            "accuracy_mean": 0.8521088566347881,
            "accuracy_std": 0.06768759886416485,
            "precision_mean": 0.7236682841230959,
            "precision_std": 0.20747576588091565,
            "recall_mean": 0.7208840297038257,
            "recall_std": 0.19253800912947952,
            "f1_mean": 0.718181581087871,
            "f1_std": 0.19442319179904186,
            "roc_auc_mean": 0.9269683310966086,
            "roc_auc_std": 0.04866474746706174,
            "pr_auc_mean": 0.8504266403258744,
            "pr_auc_std": 0.1584106481228104,
            "balanced_accuracy_mean": 0.8094224261258443,
            "balanced_accuracy_std": 0.11513754042369594,
            "mcc_mean": 0.618568760606718,
            "mcc_std": 0.22987463747715664,
            "best_inner_cv_pr_auc_mean": 0.9371880690110933,
            "best_inner_cv_pr_auc_std": 0.018750012381498312,
            "default_threshold_mean": 0.5,
            "default_threshold_std": 0.0,
            "optimal_threshold_mean": 0.5500901937484741,
            "optimal_threshold_std": 0.3835068941116333,
            "optimal_f1_mean": 0.823817290033929,
            "optimal_f1_std": 0.13108734236537087,
            "threshold_improvement_mean": 0.105635708946058,
            "threshold_improvement_std": 0.07394233806745755,
            "threshold_used_mean": 0.5,
            "threshold_used_std": 0.0
        },
        "test_metrics": {
            "accuracy": 0.9393203883495146,
            "precision": 0.9680851063829787,
            "recall": 0.8694267515923567,
            "f1": 0.9161073825503355,
            "roc_auc": 0.9662420382165605,
            "pr_auc": 0.9658447740798795,
            "balanced_accuracy": 0.9258898463844136,
            "mcc": 0.8718725338570319
        }
    },
    "lgb": {
        "best_params": {
            "subsample": 0.8,
            "reg_lambda": 0,
            "reg_alpha": 0,
            "num_leaves": 50,
            "n_estimators": 100,
            "max_depth": 10,
            "learning_rate": 0.2,
            "colsample_bytree": 0.8,
            "class_weight": null
        },
        "nested_cv_metrics": {
            "accuracy_mean": 0.8611808897318504,
            "accuracy_std": 0.06495746215628127,
            "precision_mean": 0.7459023690509194,
            "precision_std": 0.20693265360254862,
            "recall_mean": 0.7421735410576846,
            "recall_std": 0.16084866892748365,
            "f1_mean": 0.739447884593204,
            "f1_std": 0.1778416645490646,
            "roc_auc_mean": 0.921088758538823,
            "roc_auc_std": 0.053577901753263,
            "pr_auc_mean": 0.852898686190825,
            "pr_auc_std": 0.14417320322421082,
            "balanced_accuracy_mean": 0.8242997191439685,
            "balanced_accuracy_std": 0.10280315743263499,
            "mcc_mean": 0.6470745376014546,
            "mcc_std": 0.21307577459226604,
            "best_inner_cv_pr_auc_mean": 0.9368781990745015,
            "best_inner_cv_pr_auc_std": 0.020217980004357303,
            "default_threshold_mean": 0.5,
            "default_threshold_std": 0.0,
            "optimal_threshold_mean": 0.5560331718881617,
            "optimal_threshold_std": 0.44984623590511397,
            "optimal_f1_mean": 0.8093251207616021,
            "optimal_f1_std": 0.14836597427263012,
            "threshold_improvement_mean": 0.06987723616839803,
            "threshold_improvement_std": 0.04163430275456294,
            "threshold_used_mean": 0.5,
            "threshold_used_std": 0.0
        },
        "test_metrics": {
            "accuracy": 0.9381067961165048,
            "precision": 0.9730215827338129,
            "recall": 0.8614649681528662,
            "f1": 0.9138513513513513,
            "roc_auc": 0.9570422755089296,
            "pr_auc": 0.9586767903369927,
            "balanced_accuracy": 0.9233795428999625,
            "mcc": 0.8697432324210708
        }
    },
    "logistic": {
        "best_params": {
            "model__solver": "liblinear",
            "model__penalty": "l1",
            "model__class_weight": null,
            "model__C": 0.005994842503189409
        },
        "nested_cv_metrics": {
            "accuracy_mean": 0.8833082958489239,
            "accuracy_std": 0.05224740307586705,
            "precision_mean": 0.8079971264312691,
            "precision_std": 0.1596052940198215,
            "recall_mean": 0.7173441523574231,
            "recall_std": 0.17847887805232857,
            "f1_mean": 0.7584670930926237,
            "f1_std": 0.16803141960722373,
            "roc_auc_mean": 0.937116340156372,
            "roc_auc_std": 0.047856311740031195,
            "pr_auc_mean": 0.8807991566259954,
            "pr_auc_std": 0.11212761898593572,
            "balanced_accuracy_mean": 0.8310833765595648,
            "balanced_accuracy_std": 0.10192501631660582,
            "mcc_mean": 0.6826495999512272,
            "mcc_std": 0.19322352353820213,
            "best_inner_cv_pr_auc_mean": 0.9515389439389335,
            "best_inner_cv_pr_auc_std": 0.008497619605533335,
            "default_threshold_mean": 0.5,
            "default_threshold_std": 0.0,
            "optimal_threshold_mean": 0.38408919105828315,
            "optimal_threshold_std": 0.19069429692592293,
            "optimal_f1_mean": 0.828998548091836,
            "optimal_f1_std": 0.12025629649756624,
            "threshold_improvement_mean": 0.07053145499921243,
            "threshold_improvement_std": 0.05133448625739503,
            "threshold_used_mean": 0.5,