{
    "accuracy": 0.8583333333333333,
    "precision": 0.8658280922431866,
    "recall": 0.6837748344370861,
    "f1": 0.7641073080481036,
    "roc_auc": 0.9219224124565328,
    "pr_auc": 0.8806104288974714,
    "balanced_accuracy": 0.8151315643757338,
    "mcc": 0.6743212541720714,
    "best_inner_cv_roc_auc": 0.9570645314647832
}