{
    "accuracy_mean": 0.8771888341543514,
    "accuracy_std": 0.1013904382389867,
    "precision_mean": 0.6816326530612244,
    "precision_std": 0.3663731108151657,
    "recall_mean": 0.7049066413777562,
    "recall_std": 0.38029337490160997,
    "f1_mean": 0.674979650718491,
    "f1_std": 0.3471163052707109,
    "roc_auc_mean": 0.8467675664933351,
    "roc_auc_std": 0.19403064336750261,
    "pr_auc_mean": 0.7208200581952771,
    "pr_auc_std": 0.3376971944128105,
    "balanced_accuracy_mean": 0.8235920065581114,
    "balanced_accuracy_std": 0.17314850984905683,
    "mcc_mean": 0.5979349958217393,
    "mcc_std": 0.3365013488752766,
    "best_inner_cv_pr_auc_mean": 0.9492969490540565,
    "best_inner_cv_pr_auc_std": 0.020612938716934717,
    "default_threshold_mean": 0.5,
    "default_threshold_std": 0.0,
    "optimal_threshold_mean": 0.5435420926446228,
    "optimal_threshold_std": 0.3390914917614414,
    "optimal_f1_mean": 0.799564884803839,
    "optimal_f1_std": 0.24326569971556067,
    "threshold_improvement_mean": 0.12458523408534802,
    "threshold_improvement_std": 0.12285134092337413
}