{
    "r2": 0.8330200402900731,
    "mse": 0.015411719173972428,
    "rmse": 0.12414394537782512,
    "mae": 0.08174691594147983
}