{
    "r2": 0.6391527778303603,
    "mse": 0.03328958722513222,
    "rmse": 0.18245434285084097,
    "mae": 0.11366872066833353
}