{
    "accuracy": 0.8283261802575107,
    "precision": 0.3333333333333333,
    "recall": 0.043478260869565216,
    "f1": 0.07692307692307693,
    "roc_auc": 0.7481089934484813,
    "pr_auc": 0.2995839737608318,
    "balanced_accuracy": 0.5131774865991662,
    "mcc": 0.06742861546359999,
    "best_inner_cv_pr_auc": 0.41704923183684955
}