{
    "r2": 0.8601920141581215,
    "mse": 0.016265366983961048,
    "rmse": 0.12753574786686692,
    "mae": 0.08645965700425165,
    "best_inner_cv_score": -0.020407516608184167,
    "scoring_metric_used": "neg_mean_squared_error"
}