accuracy,precision,recall,f1,mcc,roc_auc,pr_auc
0.849360755975542,0.7094017094017094,0.7109207708779444,0.7101604278074867,0.6083962935139645,0.9192002495000354,0.8234281183063092
