{
    "best_params": {
        "subsample": 0.8,
        "scale_pos_weight": 7,
        "n_estimators": 100,
        "max_depth": 3,
        "learning_rate": 0.05,
        "gamma": 1,
        "colsample_bytree": 0.8
    },
    "pr_auc": 0.8868945635264058,
    "roc_auc": 0.9364327398036721,
    "f1": 0.8085006706752496,
    "balanced_acc": 0.874586987953775
}