{
    "accuracy": 0.8838451268357811,
    "precision": 0.7414448669201521,
    "recall": 0.9112149532710281,
    "f1": 0.8176100628930818,
    "roc_auc": 0.9789282906804088,
    "pr_auc": 0.9632632649888891,
    "balanced_accuracy": 0.8920560747663552,
    "mcc": 0.7421060154403047,
    "best_inner_cv_pr_auc": 0.8868945635264058
}