model_name,accuracy_mean,accuracy_std,precision_mean,precision_std,recall_mean,recall_std,f1_mean,f1_std,roc_auc_mean,roc_auc_std,pr_auc_mean,pr_auc_std,balanced_accuracy_mean,balanced_accuracy_std,mcc_mean,mcc_std,best_inner_cv_pr_auc_mean,best_inner_cv_pr_auc_std,default_threshold_mean,default_threshold_std,optimal_threshold_mean,optimal_threshold_std,optimal_f1_mean,optimal_f1_std,threshold_improvement_mean,threshold_improvement_std,threshold_used_mean,threshold_used_std
rf,0.8619476994600335,0.06955102817153716,0.7514766500525863,0.21477442965648935,0.724471576746903,0.1824786428755894,0.7318064322425347,0.18927779866368524,0.9241770523137391,0.05395154838599141,0.858501483504399,0.1434360522447994,0.819568109200449,0.1126097094743226,0.6430232793858998,0.22821015012218196,0.8871793818403628,0.033940598055267016,0.5,0.0,0.45478843316205175,0.2542850373995752,0.808976384166115,0.14412713573031,0.07716995192358025,0.06773838740998371,0.5,0.0
xgb,0.8674814717190875,0.04693620465464591,0.7498490813566516,0.16069518909896022,0.7476233500068658,0.1694155366480337,0.7456503941975079,0.157649950691599,0.9279732869958833,0.051500725489557246,0.8545082200837228,0.15315509938352473,0.8280422173251898,0.0927334912478894,0.6554894376203901,0.18000361815850152,0.8921818871835393,0.03589143989756313,0.5,0.0,0.5426136255264282,0.3967267572879791,0.8090657239825305,0.13584091412083646,0.06341532978502266,0.04246214246858848,0.5,0.0
lgb,0.8592172972642589,0.06378568808659939,0.7427437016450879,0.20098193236795786,0.7443966881189203,0.15671064484335293,0.7382589051652527,0.17314004820650686,0.9193616713491556,0.05403750064139416,0.8417547811150434,0.15193127521783165,0.823736943896962,0.0995838762483138,0.6448684850725669,0.20606652037673165,0.8924836842416832,0.03488243199778784,0.5,0.0,0.5162265781753235,0.41269830117880363,0.8032752540531399,0.14900030714409085,0.06501634888788729,0.03654998596273356,0.5,0.0
logistic,0.8524069823188191,0.08358272745749913,0.8398167898972716,0.1852344554667981,0.611252410164598,0.222324158526995,0.686254359992175,0.19469866373098707,0.935954172066416,0.04984725369057706,0.8799516777749441,0.11570133521513666,0.7865386522584767,0.119518757822104,0.6258479179041174,0.21301965823579733,0.9218897839739981,0.019138999424779448,0.5,0.0,0.3359988063963278,0.18594825580365812,0.8238699505447105,0.13288837983930943,0.13761559055253542,0.15364024282457367,,
