{
    "r2": -0.01841542561654852,
    "mse": 0.09395286165330131,
    "rmse": 0.30651731052797215,
    "mae": 0.2789411587615773
}