{
    "r2": 0.739567988264876,
    "mse": 0.026153540805615706,
    "rmse": 0.16172056395404916,
    "mae": 0.09496703696877262,
    "best_inner_cv_score": -0.020826618660539583,
    "scoring_metric_used": "neg_mean_squared_error"
}