{
    "r2": 0.16432083900675898,
    "mse": 0.08963162983847775,
    "rmse": 0.2993854202169467,
    "mae": 0.17701178102923654,
    "best_inner_cv_score": -95603.59334765696,
    "scoring_metric_used": "neg_mean_squared_error"
}