MSE,RMSE,MAE,R2
0.019799383665893844,0.14071028272977723,0.0888827009600703,0.7230830611560899
