{
    "best_params": {
        "subsample": 0.8,
        "reg_lambda": 0,
        "reg_alpha": 0,
        "num_leaves": 31,
        "n_estimators": 100,
        "max_depth": 10,
        "learning_rate": 0.2,
        "colsample_bytree": 0.8,
        "class_weight": null
    },
    "pr_auc": 0.9179026650080733,
    "roc_auc": 0.9456958965319867,
    "f1": 0.8525838980263641,
    "balanced_acc": 0.8900933187825261
}