{
    "accuracy": 0.8266666666666667,
    "precision": 0.703030303030303,
    "recall": 0.5888324873096447,
    "f1": 0.6408839779005525,
    "roc_auc": 0.8815138469446764,
    "pr_auc": 0.759557406769279,
    "balanced_accuracy": 0.7501124461864679,
    "mcc": 0.5314238887117624,
    "best_inner_cv_pr_auc": 0.9179026650080733
}