{
    "accuracy": 0.9284692417739628,
    "precision": 0.9450980392156862,
    "recall": 0.8700361010830325,
    "f1": 0.9060150375939849,
    "roc_auc": 0.9536160966345578,
    "pr_auc": 0.9579035099081821,
    "balanced_accuracy": 0.9184303728163978,
    "mcc": 0.8503304509565123,
    "best_inner_cv_pr_auc": 0.9092696728888661
}