{
    "roc_auc": 0.9063676405751881,
    "pr_ap": 0.7257238018543853,
    "optimal_threshold": 95.90714285714284,
    "optimal_f1": 0.7401812639446519,
    "accuracy": 0.8957575757575758,
    "precision": 0.8333333333333334,
    "recall": 0.6657608695652174,
    "f1": 0.7401812688821753,
    "balanced_accuracy": 0.8137696703520314,
    "mcc": 0.6826614345954493
}