{
    "accuracy": 0.855,
    "precision": 0.8641188959660298,
    "recall": 0.6738410596026491,
    "f1": 0.7572093023255814,
    "roc_auc": 0.908053057653547,
    "pr_auc": 0.8653830483809413,
    "balanced_accuracy": 0.8101646769585151,
    "mcc": 0.6663976356132028,
    "best_inner_cv_roc_auc": 0.9586044524258731
}