{
    "r2": 0.837691059974645,
    "mse": 0.017408612672041933,
    "rmse": 0.13194170179303408,
    "mae": 0.07729652296085947,
    "best_inner_cv_score": -0.02673471146631544,
    "scoring_metric_used": "neg_mean_squared_error"
}