{
    "roc_auc": 0.8736201078477922,
    "pr_ap": 0.7030538402935961,
    "optimal_threshold": 0.5119437245731188,
    "optimal_f1": 0.7513227463262507,
    "accuracy": 0.8860606060606061,
    "precision": 0.7319587628865979,
    "recall": 0.7717391304347826,
    "f1": 0.7513227513227513,
    "balanced_accuracy": 0.8453079427524928,
    "mcc": 0.6778895598684629
}