{
    "r2": 0.744702793905476,
    "mse": 0.025637884731097037,
    "rmse": 0.16011834601661684,
    "mae": 0.09646966073763116,
    "best_inner_cv_score": -0.02247000136777225,
    "scoring_metric_used": "neg_mean_squared_error"
}