{
    "roc_auc": 0.2830507497475912,
    "pr_ap": 0.2778028835501472,
    "optimal_threshold": 2.1435372950096983,
    "optimal_f1": 0.5516029823908946,
    "accuracy": 0.3812121212121212,
    "precision": 0.38083687083080653,
    "recall": 1.0,
    "f1": 0.5516029863855951,
    "balanced_accuracy": 0.5004892367906066,
    "mcc": 0.019303854974069015
}