{
    "r2": 0.7296044588119673,
    "mse": 0.03762569955259142,
    "rmse": 0.1939734506384609,
    "mae": 0.14332962681562103
}