{
    "r2": -125084114.94882691,
    "mse": 12626785.936197698,
    "rmse": 3553.4189080655406,
    "mae": 130.01087886859358,
    "best_inner_cv_score": -0.029968466108632272,
    "scoring_metric_used": "neg_mean_squared_error"
}