{
    "accuracy": 0.8185714285714286,
    "precision": 0.6222222222222222,
    "recall": 0.7692307692307693,
    "f1": 0.687960687960688,
    "roc_auc": 0.8846684203827062,
    "pr_auc": 0.8516541684839962,
    "balanced_accuracy": 0.8025690525690525,
    "mcc": 0.5683515006460229,
    "best_inner_cv_roc_auc": 0.9637911055231082
}