{
    "best_params": {
        "n_estimators": 100,
        "min_samples_split": 5,
        "min_samples_leaf": 1,
        "max_features": "log2",
        "max_depth": null,
        "class_weight": "balanced_subsample"
    },
    "pr_auc": 0.8702485367933677,
    "roc_auc": 0.9300828395014067,
    "f1": 0.7958080218453806,
    "balanced_acc": 0.8681233297561182
}