{
    "r2": -0.1280100258180401,
    "mse": 0.12098587808273951,
    "rmse": 0.34783024319736705,
    "mae": 0.28132362109169434,
    "best_inner_cv_score": -25617.356905493467,
    "scoring_metric_used": "neg_mean_squared_error"
}