{
    "r2": 0.8432381101255448,
    "mse": 0.01823779702248975,
    "rmse": 0.1350473880624492,
    "mae": 0.08891940574473778,
    "best_inner_cv_score": -0.020012259163457242,
    "scoring_metric_used": "neg_mean_squared_error"
}