{
    "r2_mean": 0.665064847258489,
    "r2_std": 0.1906688724296397,
    "mse_mean": 0.026796314311885776,
    "mse_std": 0.011562854248122314,
    "rmse_mean": 0.16001939015924865,
    "rmse_std": 0.03449795769241895,
    "mae_mean": 0.09889855385755944,
    "mae_std": 0.01707699191080445,
    "best_inner_cv_score_mean": -0.022911958696032228,
    "best_inner_cv_score_std": 0.0028973738021313977,
    "scoring_metric_used_mean": "N/A",
    "scoring_metric_used_std": "N/A"
}