{
    "accuracy_mean": 0.8861667677329157,
    "accuracy_std": 0.02346526689911904,
    "precision_mean": 0.8401859836793037,
    "precision_std": 0.007359235958939114,
    "recall_mean": 0.7761467889908258,
    "recall_std": 0.023853211009174313,
    "f1_mean": 0.8065836174973242,
    "f1_std": 0.009499777886145644,
    "roc_auc_mean": 0.9281554139485032,
    "roc_auc_std": 0.010452390714022375,
    "pr_auc_mean": 0.8954870106389579,
    "pr_auc_std": 0.0005264577834441786,
    "balanced_accuracy_mean": 0.852941401981897,
    "balanced_accuracy_std": 0.0023130357341411556,
    "mcc_mean": 0.7241890285616874,
    "mcc_std": 0.017205727434480067,
    "best_inner_cv_pr_auc_mean": 0.8788946257890351,
    "best_inner_cv_pr_auc_std": 0.030435935685411586,
    "default_threshold_mean": 0.5,
    "default_threshold_std": 0.0,
    "optimal_threshold_mean": 0.28944647312164307,
    "optimal_threshold_std": 0.08339385688304901,
    "optimal_f1_mean": 0.8204716651304707,
    "optimal_f1_std": 0.00144614308870733,
    "threshold_improvement_mean": 0.013888047633146494,
    "threshold_improvement_std": 0.008053634797438314,
    "threshold_used_mean": 0.5,
    "threshold_used_std": 0.0
}