{
    "roc_auc": 0.8938987994302381,
    "pr_ap": 0.5542861645020302,
    "optimal_threshold": 0.0142134038471229,
    "optimal_f1": 0.7297297250056839,
    "accuracy": 0.8424242424242424,
    "precision": 0.5909090909090909,
    "recall": 0.9538043478260869,
    "f1": 0.7297297297297297,
    "balanced_accuracy": 0.8821283829614054,
    "mcc": 0.6627992869685434
}