{
    "r2": 0.3430794179701374,
    "mse": 0.038351185056807256,
    "rmse": 0.19583458595663653,
    "mae": 0.1124132491916788,
    "best_inner_cv_score": -0.02433826710440562,
    "scoring_metric_used": "neg_mean_squared_error"
}