model_name,r2_mean,r2_std,mse_mean,mse_std,rmse_mean,rmse_std,mae_mean,mae_std,best_inner_cv_score_mean,best_inner_cv_score_std,scoring_metric_used,abnormal_performance,processing_skipped
rf,0.6812100459655868,0.2170075882906454,0.02513751584164408,0.012728010650900724,0.1535748070594601,0.03939916849749097,0.09682365023736195,0.029309195081919155,-0.024768177237984114,0.0036333332312805753,neg_mean_squared_error,,
lgbm,0.6603482550961484,0.2183061829031544,0.02711659093497427,0.01197152298591548,0.16050421227952588,0.03681017217432119,0.09771109161814502,0.027539212528820703,-0.02672675681952617,0.0020127087369017547,neg_mean_squared_error,,
xgb,0.6485162555261464,0.23857813858685653,0.027735844362801815,0.013050378109012042,0.161990020232784,0.03866623472467997,0.10236017914670133,0.025707014715390143,-0.02790227900145994,0.0039324323717063415,neg_mean_squared_error,,
lr,-1378601.6962185097,2757203.7722115815,98569.21773238892,197138.29855357867,140.61373239843408,280.70802623610626,5.335906741181177,10.241309359062818,-61237917.46717497,110705885.16747104,neg_mean_squared_error,True,True
ridge,-3230244.4854023247,6460489.862109884,230960.48433752754,461920.8838414754,215.08414021681682,429.7665610127435,7.995173718279318,15.689734778139433,-1847228.2328886725,3552726.9766365485,neg_mean_squared_error,True,True
lasso,0.6966574008569928,0.128162950856324,0.025439022316152016,0.00877570332877055,0.15682404336790728,0.029073041428318912,0.10970579690253417,0.0191116791338855,-0.023876472797772615,0.002941233902165082,neg_mean_squared_error,,
en,0.7070635231923814,0.12647662572132468,0.024517392199426998,0.008482280697145286,0.15393061666827373,0.028683748910349416,0.1069289656737636,0.020419711786406843,-0.023002578463754243,0.002731643814383413,neg_mean_squared_error,,
