{
    "best_params": {
        "n_estimators": 100,
        "min_samples_split": 5,
        "min_samples_leaf": 2,
        "max_features": "log2",
        "max_depth": 50,
        "class_weight": "balanced_subsample"
    },
    "pr_auc": 0.8925442367999787,
    "roc_auc": 0.9482249904743609,
    "f1": 0.8330245081454155,
    "balanced_acc": 0.8779168773888681
}