{
    "r2": 0.9658691147336848,
    "mse": 0.0039080404990017945,
    "rmse": 0.06251432235097645,
    "mae": 0.04838750580421972,
    "best_inner_cv_score": -0.04857084656394504,
    "scoring_metric_used": "neg_mean_squared_error"
}