{
    "accuracy": 0.8186666666666667,
    "precision": 0.6894409937888198,
    "recall": 0.5634517766497462,
    "f1": 0.6201117318435754,
    "roc_auc": 0.8822940857895559,
    "pr_auc": 0.7484746292369633,
    "balanced_accuracy": 0.7365179317245114,
    "mcc": 0.5070130777691975,
    "best_inner_cv_roc_auc": 0.9516265789995574
}