{
    "accuracy_mean": 0.9363932761087268,
    "accuracy_std": 0.027781025700609394,
    "precision_mean": 0.8447233127113181,
    "precision_std": 0.10058745138627058,
    "recall_mean": 0.8139242998653952,
    "recall_std": 0.14601108395709117,
    "f1_mean": 0.8193355488086933,
    "f1_std": 0.08285770679044156,
    "roc_auc_mean": 0.9460811524611573,
    "roc_auc_std": 0.044875593192981775,
    "pr_auc_mean": 0.8830366558563941,
    "pr_auc_std": 0.07514125790374185,
    "balanced_accuracy_mean": 0.8711277685369593,
    "balanced_accuracy_std": 0.046578121665498746,
    "mcc_mean": 0.7770281178427236,
    "mcc_std": 0.07456543804407169,
    "best_inner_cv_pr_auc_mean": 0.9511400206730126,
    "best_inner_cv_pr_auc_std": 0.01658873341744421,
    "default_threshold_mean": 0.5,
    "default_threshold_std": 0.0,
    "optimal_threshold_mean": 0.6945362687110901,
    "optimal_threshold_std": 0.2730599641799927,
    "optimal_f1_mean": 0.8466943520079818,
    "optimal_f1_std": 0.08619144861272571,
    "threshold_improvement_mean": 0.027358803199288607,
    "threshold_improvement_std": 0.022411130144673913,
    "threshold_used_mean": 0.5,
    "threshold_used_std": 0.0
}