{
    "roc_auc": 0.915211176088369,
    "pr_ap": 0.9152510403799017,
    "optimal_threshold": 84.61370272647318,
    "optimal_f1": 0.8850045948278942,
    "accuracy": 0.9242424242424242,
    "precision": 0.9303675048355899,
    "recall": 0.843859649122807,
    "f1": 0.8850045998160073,
    "balanced_accuracy": 0.9052631578947368,
    "mcc": 0.8309142344938022
}