{
    "roc_auc": 0.9829978882391163,
    "pr_ap": 0.9727484656522921,
    "optimal_threshold": 0.43,
    "optimal_f1": 0.919060047219628,
    "accuracy": 0.9436363636363636,
    "precision": 0.9119170984455959,
    "recall": 0.9263157894736842,
    "f1": 0.9190600522193212,
    "balanced_accuracy": 0.939546783625731,
    "mcc": 0.8758916585804825
}