{
    "r2": 0.007596162952102636,
    "mse": 0.05793677995002958,
    "rmse": 0.2407006023050827,
    "mae": 0.20013801061044295,
    "best_inner_cv_score": -1366881.004279537,
    "scoring_metric_used": "neg_mean_squared_error"
}