{
    "r2": 0.810160379650828,
    "mse": 0.013257436768589427,
    "rmse": 0.11514094305931938,
    "mae": 0.07526256161525308,
    "best_inner_cv_score": -0.024052330613442655,
    "scoring_metric_used": "neg_mean_squared_error"
}