,roc_auc,pr_auc
count,5.0,5.0
mean,0.9933362791839866,0.9913070592646237
std,0.0035683741763649916,0.0034697927876204794
min,0.989444837340877,0.9878441141738132
25%,0.9901628883886633,0.9880494251125918
50%,0.9939417177914112,0.9922147272730835
75%,0.9950674758223182,0.9922342663801547
max,0.9980644765766634,0.9961927633834756
