{
    "r2": 0.6573984684368075,
    "mse": 0.022118288843896505,
    "rmse": 0.14872218679099802,
    "mae": 0.09419645369331953,
    "best_inner_cv_score": -0.024780502997690395,
    "scoring_metric_used": "neg_mean_squared_error"
}