{
    "roc_auc": 0.9509991960312613,
    "pr_ap": 0.9450324401155656,
    "optimal_threshold": 0.41,
    "optimal_f1": 0.8779304719615677,
    "accuracy": 0.9084848484848485,
    "precision": 0.8916256157635468,
    "recall": 0.8646496815286624,
    "f1": 0.8779304769603881,
    "balanced_accuracy": 0.9000352125842921,
    "mcc": 0.8050066640502637
}