{
    "colsample_bytree": 0.6463476238100518,
    "gamma": 0.43155171293779676,
    "learning_rate": 0.1346596253655116,
    "max_depth": 4,
    "n_estimators": 132,
    "reg_alpha": 0.06355835028602363,
    "reg_lambda": 0.6219646434313244,
    "subsample": 0.7300733288106989
}