{
    "r2": 0.543924457666201,
    "mse": 0.046039164925945654,
    "rmse": 0.21456739017368331,
    "mae": 0.13145311514023672,
    "best_inner_cv_score": -0.0172892586539508,
    "scoring_metric_used": "neg_mean_squared_error"
}