{
    "roc_auc": 0.5861143599740091,
    "pr_ap": 0.36912541309041585,
    "optimal_threshold": 1234.3223908736204,
    "optimal_f1": 0.5649157541229038,
    "accuracy": 0.4678787878787879,
    "precision": 0.393646408839779,
    "recall": 1.0,
    "f1": 0.5649157581764123,
    "balanced_accuracy": 0.5935185185185186,
    "mcc": 0.27134195759163815
}