MSE,RMSE,MAE,R2,model,training_time
0.010072399714532025,0.10036134571901686,0.06001274791544071,0.8076594238698338,LightGBM,86.21651315689087
