{
    "r2": 0.7977431374465864,
    "mse": 0.023530716608538747,
    "rmse": 0.15339725098103535,
    "mae": 0.1083195310981145,
    "best_inner_cv_score": -0.019786079683768568,
    "scoring_metric_used": "neg_mean_squared_error"
}