{
    "roc_auc": 0.8264506172839505,
    "pr_ap": 0.7824371500766911,
    "optimal_threshold": 0.9,
    "optimal_f1": 0.7191489313965594,
    "accuracy": 0.84,
    "precision": 0.9135135135135135,
    "recall": 0.5929824561403508,
    "f1": 0.7191489361702128,
    "balanced_accuracy": 0.7816764132553606,
    "mcc": 0.6422793162546258
}