{
    "r2": -0.0186108809023533,
    "mse": 0.09397089317851658,
    "rmse": 0.30654672266804056,
    "mae": 0.2790109978566408
}