{
    "colsample_bytree": 0.9464704583099741,
    "learning_rate": 0.13022300234864176,
    "max_depth": 30,
    "min_child_samples": 12,
    "n_estimators": 761,
    "num_leaves": 21,
    "reg_alpha": 0.7219987722668247,
    "reg_lambda": 0.9385527090157502,
    "subsample": 0.6003115063364057
}