{
    "r2": 0.695140652249941,
    "mse": 0.02855674559995362,
    "rmse": 0.16898741254884525,
    "mae": 0.09752867880986277,
    "best_inner_cv_score": -0.01430532504696145,
    "scoring_metric_used": "neg_mean_squared_error"
}