accuracy,precision,recall,f1_score,roc_auc,pr_auc,mcc,log_loss,model,training_time
0.9872495446265938,0.9489795918367347,0.9789473684210527,0.9637305699481865,0.9937862276837468,0.9893736990017652,0.9561680637328831,0.0560168230510132,XGBoost,21.931480646133423
