{
    "r2": 0.7242457884326267,
    "mse": 0.025830413028047762,
    "rmse": 0.16071842777991502,
    "mae": 0.10910293186266444,
    "best_inner_cv_score": -0.017207861880261917,
    "scoring_metric_used": "neg_mean_squared_error"
}