{
    "r2": 0.9755194018927891,
    "mse": 0.0022594813407227454,
    "rmse": 0.04753400194305909,
    "mae": 0.02517368398540827
}