{
    "r2_mean": 0.6676494676674969,
    "r2_std": 0.18732544834068315,
    "mse_mean": 0.026589853495572587,
    "mse_std": 0.011208468437790829,
    "rmse_mean": 0.15954922024292015,
    "rmse_std": 0.03367342892324367,
    "mae_mean": 0.09769813089242604,
    "mae_std": 0.016306250561425095,
    "best_inner_cv_score_mean": -0.023003815533297615,
    "best_inner_cv_score_std": 0.0033474573184604623,
    "scoring_metric_used": "neg_mean_squared_error"
}