{
    "r2": 0.690769081009855,
    "mse": 0.028966238858718827,
    "rmse": 0.170194708668392,
    "mae": 0.10615105750316246,
    "best_inner_cv_score": -0.01592600415805417,
    "scoring_metric_used": "neg_mean_squared_error"
}