{
    "accuracy_mean": 0.9026110886519447,
    "accuracy_std": 0.016788577829433826,
    "precision_mean": 0.862505015136594,
    "precision_std": 0.03659408396250502,
    "recall_mean": 0.8183293060657852,
    "recall_std": 0.055332364169760784,
    "f1_mean": 0.8372955521758851,
    "f1_std": 0.01181995250673712,
    "roc_auc_mean": 0.9242838074807951,
    "roc_auc_std": 0.007991079826212166,
    "pr_auc_mean": 0.9025210483758774,
    "pr_auc_std": 0.012266442258500543,
    "balanced_accuracy_mean": 0.8812982187594232,
    "balanced_accuracy_std": 0.023250334076067525,
    "mcc_mean": 0.7708822981991927,
    "mcc_std": 0.023889540009549293,
    "best_inner_cv_roc_auc_mean": 0.9555807280686304,
    "best_inner_cv_roc_auc_std": 0.007101355436228474
}