{
    "roc_auc": 0.6609121617410598,
    "pr_ap": 0.5994848695066173,
    "optimal_threshold": 0.0277374311404078,
    "optimal_f1": 0.6038926836345223,
    "accuracy": 0.5436363636363636,
    "precision": 0.4509033778476041,
    "recall": 0.9140127388535032,
    "f1": 0.6038926880589164,
    "balanced_accuracy": 0.6150298527927007,
    "mcc": 0.26604858443372664
}