{
    "accuracy": 0.9132176234979973,
    "precision": 0.41935483870967744,
    "recall": 0.78,
    "f1": 0.5454545454545454,
    "roc_auc": 0.9649213161659513,
    "pr_auc": 0.6962250081145889,
    "balanced_accuracy": 0.8513733905579399,
    "mcc": 0.5318988619473245,
    "best_inner_cv_pr_auc": 0.34655539392155577
}