{
    "r2": 0.8005132420013829,
    "mse": 0.023208440546149404,
    "rmse": 0.15234316704778525,
    "mae": 0.09925503528421042,
    "best_inner_cv_score": -0.026116260087721988,
    "scoring_metric_used": "neg_mean_squared_error"
}