{
    "best_params": {
        "n_estimators": 100,
        "min_samples_split": 5,
        "min_samples_leaf": 2,
        "max_features": "sqrt",
        "max_depth": 30,
        "class_weight": null
    },
    "pr_auc": 0.9328796666372431,
    "roc_auc": 0.9528743807075489,
    "f1": 0.8428413585620701,
    "balanced_acc": 0.8831590028396006
}