{
    "accuracy": 0.7546666666666667,
    "precision": 0.3854748603351955,
    "recall": 0.4825174825174825,
    "f1": 0.42857142857142855,
    "roc_auc": 0.8317703713090863,
    "pr_auc": 0.5918586148697482,
    "balanced_accuracy": 0.6506491860692849,
    "mcc": 0.27766080594643133,
    "best_inner_cv_pr_auc": 0.9328796666372431
}