model_name,r2_mean,r2_std,mse_mean,mse_std,rmse_mean,rmse_std,mae_mean,mae_std,best_inner_cv_score_mean,best_inner_cv_score_std,scoring_metric_used
rf,0.7059045567866991,0.19721886139139116,0.03578803264004103,0.027331785875054974,0.17127441749667804,0.08033123023590927,0.11630363057428542,0.047515061255243865,-0.044687305464426966,0.008784713173027047,neg_mean_squared_error
lgbm,0.6531234141323023,0.21799428410841895,0.03905007763817333,0.023627528665876096,0.18320117308401584,0.07407703975466218,0.11328028414680764,0.044107865034723484,-0.04606830767418914,0.01256857970379945,neg_mean_squared_error
xgb,0.659061792079853,0.21478966669926147,0.040616406976905876,0.02820877943187463,0.18442514324345702,0.08126360511653564,0.11635654830168998,0.04163842759460777,-0.04605692487007067,0.009820716118723672,neg_mean_squared_error
lr,0.49778787200632524,0.12572988617290726,0.060010889228860456,0.021948693301216717,0.24083667158847105,0.04481726059284963,0.16796271407141458,0.010923788388581289,-0.10267378776084454,0.030100024358990528,neg_mean_squared_error
ridge,0.7280408987879299,0.16028989822831097,0.03382644999113027,0.023901384180692833,0.16988943420906444,0.07045587367462157,0.11623280898218827,0.041415403173608804,-0.03655004958546497,0.011260277078077861,neg_mean_squared_error
lasso,0.7241956681147566,0.17599114319118608,0.03466519209589708,0.026607041215633374,0.16998461750973554,0.07596329314850686,0.12048575712609047,0.0427501519922506,-0.03638614749585865,0.008732391703187145,neg_mean_squared_error
en,0.7288513267944319,0.17542816336742967,0.03401914132855805,0.026374479509713524,0.16801020972675512,0.07610329004799857,0.11936685352747482,0.042959847383845784,-0.03485515356817762,0.008401266535150559,neg_mean_squared_error
