{
    "r2": -54604.783108047144,
    "mse": 5037.600037052273,
    "rmse": 70.97605256036907,
    "mae": 70.06616993133693
}