{
    "accuracy_mean": 0.8602504176288461,
    "accuracy_std": 0.06819484520368835,
    "precision_mean": 0.7575063052962211,
    "precision_std": 0.22160288470735345,
    "recall_mean": 0.7164838965570568,
    "recall_std": 0.1722370202255575,
    "f1_mean": 0.7297659024969977,
    "f1_std": 0.1859604008838342,
    "roc_auc_mean": 0.9225865867413203,
    "roc_auc_std": 0.05294924098207666,
    "pr_auc_mean": 0.8567785431125226,
    "pr_auc_std": 0.14609031379167572,
    "balanced_accuracy_mean": 0.8171405144110843,
    "balanced_accuracy_std": 0.10911529934797908,
    "mcc_mean": 0.6410763039169647,
    "mcc_std": 0.225101865208467,
    "best_inner_cv_pr_auc_mean": 0.9357213230615773,
    "best_inner_cv_pr_auc_std": 0.017696506490414085,
    "default_threshold_mean": 0.5,
    "default_threshold_std": 0.0,
    "optimal_threshold_mean": 0.3669447109986516,
    "optimal_threshold_std": 0.25426294086026,
    "optimal_f1_mean": 0.8091865878962723,
    "optimal_f1_std": 0.1553196708646899,
    "threshold_improvement_mean": 0.07942068539927465,
    "threshold_improvement_std": 0.06346826529494114,
    "threshold_used_mean": 0.5,
    "threshold_used_std": 0.0
}