{
    "roc_auc": 0.5694541910331383,
    "pr_ap": 0.3533728676898022,
    "optimal_threshold": 58.0,
    "optimal_f1": 0.5900925379081596,
    "accuracy": 0.5436363636363636,
    "precision": 0.4277821625887924,
    "recall": 0.9508771929824561,
    "f1": 0.5900925421883506,
    "balanced_accuracy": 0.6397904483430799,
    "mcc": 0.314897421582546
}