{
    "accuracy": 0.8758344459279038,
    "precision": 0.7927710843373494,
    "recall": 0.9791666666666666,
    "f1": 0.8761651131824234,
    "roc_auc": 0.9505649717514124,
    "pr_auc": 0.9190550253358307,
    "balanced_accuracy": 0.8854671105730427,
    "mcc": 0.7713734856830098,
    "best_inner_cv_roc_auc": 0.9209709542826764
}