{
    "r2": 0.6938901917403133,
    "mse": 0.02782368450611177,
    "rmse": 0.1668043299980902,
    "mae": 0.11963275569894702,
    "best_inner_cv_score": -0.04596932768681851,
    "scoring_metric_used": "neg_mean_squared_error"
}