{
    "roc_auc": 0.9061127355425601,
    "pr_ap": 0.9033535773555865,
    "optimal_threshold": 91.45594266813671,
    "optimal_f1": 0.8582755154014269,
    "accuracy": 0.9133333333333333,
    "precision": 0.9863325740318907,
    "recall": 0.7596491228070176,
    "f1": 0.8582755203171457,
    "balanced_accuracy": 0.877046783625731,
    "mcc": 0.8114657797758574
}