{
    "r2": 0.5579481402369929,
    "mse": 0.044623525246076,
    "rmse": 0.21124281111099616,
    "mae": 0.12456592068955863,
    "best_inner_cv_score": -0.016656261692698154,
    "scoring_metric_used": "neg_mean_squared_error"
}