{
    "r2": 0.587066230776494,
    "mse": 0.04168416005710572,
    "rmse": 0.20416699061578422,
    "mae": 0.12125395951793197,
    "best_inner_cv_score": -0.018407175117872418,
    "scoring_metric_used": "neg_mean_squared_error"
}