{
    "accuracy": 0.9127324749642346,
    "precision": 0.9090909090909091,
    "recall": 0.8664259927797834,
    "f1": 0.8872458410351202,
    "roc_auc": 0.9459424778004003,
    "pr_auc": 0.9513353078950211,
    "balanced_accuracy": 0.9047769774325457,
    "mcc": 0.8167616105899896,
    "best_inner_cv_roc_auc": 0.9482383618097342
}