{
    "roc_auc": 0.5465055405287497,
    "pr_ap": 0.37517653333514817,
    "optimal_threshold": 58.0,
    "optimal_f1": 0.6058047449088992,
    "accuracy": 0.5472727272727272,
    "precision": 0.4530386740331492,
    "recall": 0.9140127388535032,
    "f1": 0.6058047493403694,
    "balanced_accuracy": 0.6179652735363407,
    "mcc": 0.27133245860461647
}