{
    "best_params": {
        "subsample": 0.6,
        "reg_lambda": 0.1,
        "reg_alpha": 0.1,
        "num_leaves": 31,
        "n_estimators": 300,
        "max_depth": 10,
        "learning_rate": 0.01,
        "colsample_bytree": 0.8,
        "class_weight": null
    },
    "pr_auc": 0.9481921622433399,
    "roc_auc": 0.9602472397122269,
    "f1": 0.8654087335955211,
    "balanced_acc": 0.887957722104059
}