{
    "accuracy": 0.93,
    "precision": 0.0,
    "recall": 0.0,
    "f1": 0.0,
    "roc_auc": 0.3631165727939922,
    "pr_auc": 0.1503135542224976,
    "balanced_accuracy": 0.5,
    "mcc": 0.0,
    "best_inner_cv_pr_auc": 0.9481921622433399
}