{
    "r2": 0.26421059359600196,
    "mse": 0.04374818883778448,
    "rmse": 0.20916067708291747,
    "mae": 0.13526195627861423,
    "best_inner_cv_score": -0.02136633978779383,
    "scoring_metric_used": "neg_mean_squared_error"
}