{
    "r2": 0.8270433596210225,
    "mse": 0.020121906564470153,
    "rmse": 0.14185170624447968,
    "mae": 0.099941470708976,
    "best_inner_cv_score": -0.021386633650357843,
    "scoring_metric_used": "neg_mean_squared_error"
}