{
    "best_params": {
        "n_estimators": 100,
        "min_samples_split": 5,
        "min_samples_leaf": 2,
        "max_features": "sqrt",
        "max_depth": 30,
        "class_weight": null
    },
    "pr_auc": 0.8326448885007967,
    "roc_auc": 0.902724000708044,
    "f1": 0.7136176302853917,
    "balanced_acc": 0.8026696150709091
}