{
    "accuracy": 0.9012875536480687,
    "precision": 0.9623430962343096,
    "recall": 0.7931034482758621,
    "f1": 0.8695652173913043,
    "roc_auc": 0.9618455442205548,
    "pr_auc": 0.9590293430185827,
    "balanced_accuracy": 0.885549279150156,
    "mcc": 0.8009265267643185,
    "best_inner_cv_pr_auc": 0.8326448885007967
}