{
    "r2": -0.07106495034722071,
    "mse": 0.07479774679365336,
    "rmse": 0.2734917673233572,
    "mae": 0.24010510635281504,
    "best_inner_cv_score": -1248.0399698931967,
    "scoring_metric_used": "neg_mean_squared_error"
}