{
    "r2": -238.61951556263432,
    "mse": 22.10585054861864,
    "rmse": 4.701685926199095,
    "mae": 4.423111471304579
}