{
    "r2": 0.7626032259163902,
    "mse": 0.016973717211919426,
    "rmse": 0.13028321922611302,
    "mae": 0.08492865591061453,
    "best_inner_cv_score": -0.022561978219470123,
    "scoring_metric_used": "neg_mean_squared_error"
}