{
    "r2": 0.6415928370834381,
    "mse": 0.029473086457099267,
    "rmse": 0.17167727414279174,
    "mae": 0.1257323660248729,
    "best_inner_cv_score": -0.02559574691757692,
    "scoring_metric_used": "neg_mean_squared_error"
}