{
    "accuracy": 0.8984263233190272,
    "precision": 0.9195402298850575,
    "recall": 0.8275862068965517,
    "f1": 0.8711433756805808,
    "roc_auc": 0.9627855998651041,
    "pr_auc": 0.9590228689193556,
    "balanced_accuracy": 0.8881207318101341,
    "mcc": 0.7906789580339398,
    "best_inner_cv_pr_auc": 0.8235942927909243
}