{
    "accuracy": 0.9306666666666666,
    "precision": 0.6582278481012658,
    "recall": 0.6753246753246753,
    "f1": 0.6666666666666666,
    "roc_auc": 0.955114721830918,
    "pr_auc": 0.7943976677465056,
    "balanced_accuracy": 0.817602902298296,
    "mcc": 0.6280475807601927,
    "best_inner_cv_pr_auc": 0.960678544911561
}