{
    "r2": 0.6349412909045793,
    "mse": 0.02356811989692805,
    "rmse": 0.1535191189947625,
    "mae": 0.0966223863846822,
    "best_inner_cv_score": -0.024875547356177575,
    "scoring_metric_used": "neg_mean_squared_error"
}