{
    "r2": 0.4590199034121324,
    "mse": 0.07527770054459712,
    "rmse": 0.2743678198050878,
    "mae": 0.16643337258189375
}