{
    "r2": 0.5915681755318887,
    "mse": 0.04809208000866897,
    "rmse": 0.21929906522525117,
    "mae": 0.15155591751390643,
    "best_inner_cv_score": -16140091.068833845,
    "scoring_metric_used": "neg_mean_squared_error"
}