{
    "r2": 0.7148729308401292,
    "mse": 0.028782539170441247,
    "rmse": 0.16965417522254278,
    "mae": 0.11234103092254384,
    "best_inner_cv_score": -0.01871880650059737,
    "scoring_metric_used": "neg_mean_squared_error"
}