{
    "accuracy": 0.8627015008337966,
    "precision": 0.8328267477203647,
    "recall": 0.8,
    "f1": 0.8160833953834699,
    "roc_auc": 0.9177030232344808,
    "pr_auc": 0.896013468422402,
    "balanced_accuracy": 0.8506283662477558,
    "mcc": 0.7069833011272073,
    "best_inner_cv_pr_auc": 0.8484586901036235
}