accuracy,precision,recall,f1_score,roc_auc,pr_auc,mcc,log_loss,model,training_time
0.9817850637522769,0.9473684210526315,0.9473684210526315,0.9473684210526315,0.9926733132390447,0.9890584117646111,0.9363552051936007,0.11723355196809492,LightGBM,112.41005563735962
