{
    "roc_auc": 0.8811061114088774,
    "pr_ap": 0.894123612717736,
    "optimal_threshold": 91.10375,
    "optimal_f1": 0.8546255457176193,
    "accuracy": 0.9,
    "precision": 0.9566074950690335,
    "recall": 0.7722929936305732,
    "f1": 0.8546255506607929,
    "balanced_accuracy": 0.8753832874219403,
    "mcc": 0.7901018958694239
}