{
    "r2": 0.447457560589537,
    "mse": 0.03285278473681444,
    "rmse": 0.1812533716564038,
    "mae": 0.123912535054343,
    "best_inner_cv_score": -0.020209610865396185,
    "scoring_metric_used": "neg_mean_squared_error"
}