{
    "r2": -170.4795682336427,
    "mse": 15.819670190943624,
    "rmse": 3.977394900049984,
    "mae": 3.7076670627650823
}