{
    "r2": -0.47567985873365926,
    "mse": 0.12135036505836354,
    "rmse": 0.34835379294384544,
    "mae": 0.2949728971943568,
    "best_inner_cv_score": -16267528.833346233,
    "scoring_metric_used": "neg_mean_squared_error"
}