{
    "r2": -84576.42595361483,
    "mse": 7802.602945454825,
    "rmse": 88.33234371086745,
    "mae": 88.286616691651
}