{
    "roc_auc": 0.8887819643220511,
    "pr_ap": 0.743908731778575,
    "optimal_threshold": 0.5562372066019173,
    "optimal_f1": 0.7190183999549551,
    "accuracy": 0.8612121212121212,
    "precision": 0.6554809843400448,
    "recall": 0.7961956521739131,
    "f1": 0.7190184049079754,
    "balanced_accuracy": 0.8380354235908567,
    "mcc": 0.6332476048779788
}