{
    "r2": -0.527312157810373,
    "mse": 0.14090060328504062,
    "rmse": 0.3753672911763099,
    "mae": 0.2205598278773676
}