{
    "accuracy_mean": 0.8611808897318504,
    "accuracy_std": 0.06495746215628127,
    "precision_mean": 0.7459023690509194,
    "precision_std": 0.20693265360254862,
    "recall_mean": 0.7421735410576846,
    "recall_std": 0.16084866892748365,
    "f1_mean": 0.739447884593204,
    "f1_std": 0.1778416645490646,
    "roc_auc_mean": 0.921088758538823,
    "roc_auc_std": 0.053577901753263,
    "pr_auc_mean": 0.852898686190825,
    "pr_auc_std": 0.14417320322421082,
    "balanced_accuracy_mean": 0.8242997191439685,
    "balanced_accuracy_std": 0.10280315743263499,
    "mcc_mean": 0.6470745376014546,
    "mcc_std": 0.21307577459226604,
    "best_inner_cv_pr_auc_mean": 0.9368781990745015,
    "best_inner_cv_pr_auc_std": 0.020217980004357303,
    "default_threshold_mean": 0.5,
    "default_threshold_std": 0.0,
    "optimal_threshold_mean": 0.5560331718881617,
    "optimal_threshold_std": 0.44984623590511397,
    "optimal_f1_mean": 0.8093251207616021,
    "optimal_f1_std": 0.14836597427263012,
    "threshold_improvement_mean": 0.06987723616839803,
    "threshold_improvement_std": 0.04163430275456294,
    "threshold_used_mean": 0.5,
    "threshold_used_std": 0.0
}