{
    "accuracy": 0.9639519359145527,
    "precision": 0.9605911330049262,
    "recall": 0.9112149532710281,
    "f1": 0.935251798561151,
    "roc_auc": 0.9831513669316099,
    "pr_auc": 0.973119400456155,
    "balanced_accuracy": 0.9481308411214954,
    "mcc": 0.9109074769023303,
    "best_inner_cv_pr_auc": 0.9260647041101127
}