accuracy,precision,recall,f1,mcc,roc_auc,pr_auc
0.8518024032042724,0.8099173553719008,0.875,0.8412017167381974,0.7045111693611614,0.9565822091548484,0.9520561125066712
