{
    "roc_auc": 0.8959827810266405,
    "pr_ap": 0.8707899650551874,
    "optimal_threshold": 0.7025299886050429,
    "optimal_f1": 0.7923728765714774,
    "accuracy": 0.8812121212121212,
    "precision": 1.0,
    "recall": 0.656140350877193,
    "f1": 0.7923728813559322,
    "balanced_accuracy": 0.8280701754385965,
    "mcc": 0.7452207069025727
}