model_name,accuracy_mean,accuracy_std,precision_mean,precision_std,recall_mean,recall_std,f1_mean,f1_std,roc_auc_mean,roc_auc_std,pr_auc_mean,pr_auc_std,balanced_accuracy_mean,balanced_accuracy_std,mcc_mean,mcc_std,best_inner_cv_pr_auc_mean,best_inner_cv_pr_auc_std,default_threshold_mean,default_threshold_std,optimal_threshold_mean,optimal_threshold_std,optimal_f1_mean,optimal_f1_std,threshold_improvement_mean,threshold_improvement_std,threshold_used_mean,threshold_used_std
rf,0.880339666818266,0.008188471709872469,0.8247417754382053,0.035797051820114834,0.7564421080827697,0.036258621844237615,0.7891127827221505,0.03611518080368531,0.9325864597250342,0.002400894322325986,0.8811261430780775,0.021091754319943035,0.8435998792940282,0.01325317866768011,0.7043093656274048,0.021915639822376987,0.8967790303853024,0.026530493591934712,0.5,0.0,0.3375659312055585,0.09991982730945463,0.7998526424787925,0.03208013063045123,0.01073985975664199,0.004035050173234078,0.5,0.0
xgb,0.8861667677329157,0.02346526689911904,0.8401859836793037,0.007359235958939114,0.7761467889908258,0.023853211009174313,0.8065836174973242,0.009499777886145644,0.9281554139485032,0.010452390714022375,0.8954870106389579,0.0005264577834441786,0.852941401981897,0.0023130357341411556,0.7241890285616874,0.017205727434480067,0.8788946257890351,0.030435935685411586,0.5,0.0,0.28944647312164307,0.08339385688304901,0.8204716651304707,0.00144614308870733,0.013888047633146494,0.008053634797438314,0.5,0.0
lgb,0.8761559452220931,0.013454444388296516,0.8022040445353329,0.03368552601681435,0.7785441639322306,0.01707627402397377,0.790117499457138,0.02514054093179241,0.9310389977445477,0.0024342460114624154,0.8956058448911262,0.020203241254207083,0.8475541322048996,0.0022309521232923846,0.6997604312158219,0.006904689628298766,0.8848976380237756,0.03320971119896127,0.5,0.0,0.5429109811433515,0.3884736409277621,0.8017893920346644,0.023283494262711646,0.011671892577526377,0.001857046669080764,0.5,0.0
logistic,0.885846724611316,0.006469292704701257,0.8551091512874953,0.017502313680657633,0.7371559633027522,0.06284403669724775,0.7909353343701099,0.0437942924387249,0.941997670045875,0.0018045026991485025,0.9070148529282578,0.031033909881626076,0.8405325922982552,0.023560764972839987,0.7139845489601382,0.02779074255188685,0.9125620465855216,0.03203959660572531,0.5,0.0,0.6434304605975154,0.2419150310671233,0.81716800612323,0.03357826253348645,0.026232671753120107,0.010216029905238455,0.5,0.0
