{
    "r2": 0.8135616330260991,
    "mse": 0.02195276744869442,
    "rmse": 0.14816466329288647,
    "mae": 0.0925559143090786,
    "best_inner_cv_score": -0.02817740754834307,
    "scoring_metric_used": "neg_mean_squared_error"
}