{
    "r2": -428051.30199317227,
    "mse": 39489.52234810707,
    "rmse": 198.7197080012626,
    "mae": 82.20949457169795
}