{
    "roc_auc": 0.9492003938823589,
    "pr_ap": 0.9358124278527067,
    "optimal_threshold": 0.2427691428310081,
    "optimal_f1": 0.8696330941432002,
    "accuracy": 0.8987878787878788,
    "precision": 0.8529862174578867,
    "recall": 0.8869426751592356,
    "f1": 0.8696330991412958,
    "balanced_accuracy": 0.896504605681379,
    "mcc": 0.7873708493353977
}