{
    "accuracy": 0.945260347129506,
    "precision": 0.9172932330827067,
    "recall": 0.8026315789473685,
    "f1": 0.856140350877193,
    "roc_auc": 0.9794256369567135,
    "pr_auc": 0.940801841057084,
    "balanced_accuracy": 0.8921030591554262,
    "mcc": 0.8253212158047064,
    "best_inner_cv_roc_auc": 0.918084998242449
}