{
    "best_params": {
        "subsample": 0.8,
        "reg_lambda": 0,
        "reg_alpha": 0.1,
        "num_leaves": 20,
        "n_estimators": 300,
        "max_depth": 20,
        "learning_rate": 0.05,
        "colsample_bytree": 0.6,
        "class_weight": "balanced"
    },
    "pr_auc": 0.8516879268248144,
    "roc_auc": 0.9249792899566418,
    "f1": 0.7783667131858889,
    "balanced_acc": 0.8593842598703403
}