{
    "r2": 0.8000420084017678,
    "mse": 0.023263264220110214,
    "rmse": 0.15252299570920516,
    "mae": 0.10875540731764652,
    "best_inner_cv_score": -0.019883055709588895,
    "scoring_metric_used": "neg_mean_squared_error"
}