{
    "r2": 0.8577125163843777,
    "mse": 0.020103399022807677,
    "rmse": 0.1417864557100137,
    "mae": 0.11340513138270909,
    "best_inner_cv_score": -0.03659716905207381,
    "scoring_metric_used": "neg_mean_squared_error"
}