{
    "roc_auc": 0.5700966536712151,
    "pr_ap": 0.38443640607927226,
    "optimal_threshold": 602.0,
    "optimal_f1": 0.5496489427576612,
    "accuracy": 0.45575757575757575,
    "precision": 0.3848314606741573,
    "recall": 0.9614035087719298,
    "f1": 0.5496489468405216,
    "balanced_accuracy": 0.5751461988304094,
    "mcc": 0.20786295850733844
}