{
    "accuracy": 0.8918558077436582,
    "precision": 0.7587548638132295,
    "recall": 0.9112149532710281,
    "f1": 0.8280254777070064,
    "roc_auc": 0.972774914839724,
    "pr_auc": 0.9527667826104745,
    "balanced_accuracy": 0.8976635514018692,
    "mcc": 0.7567988213810737,
    "best_inner_cv_roc_auc": 0.9342454058559545
}