{
    "r2": 0.529116980879577,
    "mse": 0.06552365073772283,
    "rmse": 0.2559758792107624,
    "mae": 0.15766193036168433
}