{
    "r2": 0.22545665988274333,
    "mse": 0.09240191525552192,
    "rmse": 0.3039768334191307,
    "mae": 0.26716719315936555,
    "best_inner_cv_score": -282335112.6148416,
    "scoring_metric_used": "neg_mean_squared_error"
}