{
    "accuracy": 0.9613333333333334,
    "precision": 0.9285714285714286,
    "recall": 0.6753246753246753,
    "f1": 0.7819548872180451,
    "roc_auc": 0.9587522432990486,
    "pr_auc": 0.8786692274812705,
    "balanced_accuracy": 0.8346905694602574,
    "mcc": 0.7729521634660618,
    "best_inner_cv_pr_auc": 0.9595969873255003
}