{
    "r2": -0.08146374861260952,
    "mse": 0.09829905914242142,
    "rmse": 0.31352680769341146,
    "mae": 0.2572438759760089,
    "best_inner_cv_score": -2618427.9976289384,
    "scoring_metric_used": "neg_mean_squared_error"
}