{
    "roc_auc": 0.72835625381537,
    "pr_ap": 0.37946785063215954,
    "optimal_threshold": 0.84,
    "optimal_f1": 0.5304347782566957,
    "accuracy": 0.6727272727272727,
    "precision": 0.3900255754475703,
    "recall": 0.8288043478260869,
    "f1": 0.5304347826086957,
    "balanced_accuracy": 0.7283647324153836,
    "mcc": 0.3807708669566158
}