{
    "roc_auc": 0.949078947368421,
    "pr_ap": 0.9339591179286229,
    "optimal_threshold": 87.95036293510803,
    "optimal_f1": 0.888479257685659,
    "accuracy": 0.9266666666666666,
    "precision": 0.9359223300970874,
    "recall": 0.8456140350877193,
    "f1": 0.8884792626728111,
    "balanced_accuracy": 0.9075292397660819,
    "mcc": 0.8364433453142363
}