model_name,accuracy_mean,accuracy_std,precision_mean,precision_std,recall_mean,recall_std,f1_mean,f1_std,roc_auc_mean,roc_auc_std,pr_auc_mean,pr_auc_std,balanced_accuracy_mean,balanced_accuracy_std,mcc_mean,mcc_std,best_inner_cv_roc_auc_mean,best_inner_cv_roc_auc_std
rf,0.8781751646537639,0.006023969545370322,0.8225771059368523,0.037961721321467745,0.7472677961561642,0.04543293377084312,0.783074030189068,0.04215393333676781,0.9330185360303593,0.0019688180170007175,0.8825554631296422,0.01966243426837827,0.8390127233307255,0.01784033463098289,0.6972981003918092,0.028926905057972574,0.9397965803909192,0.009713740889512434
logistic,0.8933930045311369,0.016239030100897833,0.8750360490266762,0.006542898341744763,0.7547729860041519,0.027708765820665615,0.8102951357207204,0.01878452398538949,0.9432198543839848,0.004774484422709224,0.9109546006077688,0.029475439284090355,0.8527299202046636,0.006194977251730682,0.7380192577802422,0.0011103752680531875,0.9469339319044698,0.010095933009028613
