{
    "best_params": {
        "model__solver": "saga",
        "model__penalty": "l2",
        "model__max_iter": 1000,
        "model__class_weight": "balanced",
        "model__C": 0.0001
    },
    "pr_auc": 0.944601643191247,
    "roc_auc": 0.9549349634167092,
    "f1": 0.8290073540042215,
    "balanced_acc": 0.8641206394915268
}