{
    "accuracy": 0.8875,
    "precision": 0.8353413654618473,
    "recall": 0.9811320754716981,
    "f1": 0.9023861171366594,
    "roc_auc": 0.9221447209955841,
    "pr_auc": 0.9226787555704248,
    "balanced_accuracy": 0.8815234845443597,
    "mcc": 0.7856153844764133,
    "best_inner_cv_pr_auc": 0.9313887086040443
}