{
    "roc_auc": 0.8494688109161793,
    "pr_ap": 0.8417980966293344,
    "optimal_threshold": 0.6854768619651241,
    "optimal_f1": 0.7678391910860837,
    "accuracy": 0.86,
    "precision": 0.8988235294117647,
    "recall": 0.6701754385964912,
    "f1": 0.7678391959798995,
    "balanced_accuracy": 0.8151803118908382,
    "mcc": 0.6854501452862564
}