{
    "r2": -1.8011732442953665,
    "mse": 0.2584193401517693,
    "rmse": 0.508349623931964,
    "mae": 0.45948712717417517
}