{
    "r2": 0.44258401209640863,
    "mse": 0.06822914296518484,
    "rmse": 0.26120708827515543,
    "mae": 0.14905110474215566,
    "best_inner_cv_score": -0.025417162527478426,
    "scoring_metric_used": "neg_mean_squared_error"
}