{
    "r2_mean": 0.684690831541755,
    "r2_std": 0.2192443374018038,
    "mse_mean": 0.024808330935463314,
    "mse_std": 0.012959167262530338,
    "rmse_mean": 0.15224980921438977,
    "rmse_std": 0.040352528169189404,
    "mae_mean": 0.09617480526805736,
    "mae_std": 0.02997425738148471,
    "best_inner_cv_score_mean": -0.02453585082005555,
    "best_inner_cv_score_std": 0.003452348223068885,
    "scoring_metric_used": "neg_mean_squared_error"
}