accuracy,precision,recall,f1,mcc,roc_auc,pr_auc
0.8428571428571429,0.6875,0.7252747252747253,0.7058823529411765,0.5991731497148148,0.8421125206839493,0.8038841726819788
