{
    "r2": 0.7365183656282889,
    "mse": 0.018838768006108914,
    "rmse": 0.1372543915731257,
    "mae": 0.08858912266167002,
    "best_inner_cv_score": -0.026365181611274,
    "scoring_metric_used": "neg_mean_squared_error"
}