{
    "r2": 0.7369949465988785,
    "mse": 0.03137612758049844,
    "rmse": 0.17713307873036713,
    "mae": 0.12383478282807238,
    "best_inner_cv_score": -0.02099991779122956,
    "scoring_metric_used": "neg_mean_squared_error"
}