{
    "roc_auc": 0.8403919503409076,
    "pr_ap": 0.8411598835041285,
    "optimal_threshold": 0.4836338652996949,
    "optimal_f1": 0.7381756706941655,
    "accuracy": 0.8121212121212121,
    "precision": 0.7859712230215827,
    "recall": 0.695859872611465,
    "f1": 0.7381756756756757,
    "balanced_accuracy": 0.7897107582235408,
    "mcc": 0.5951875407286679
}