MSE,RMSE,MAE,R2
0.015846738552677285,0.12588382959172034,0.0744217490402063,0.8654183321292725
