{
    "r2": 0.8291714204957561,
    "mse": 0.015766934539818995,
    "rmse": 0.1255664546756776,
    "mae": 0.08226403712762788
}