{
    "roc_auc": 0.6217558756698094,
    "pr_ap": 0.282594535223097,
    "optimal_threshold": 1376.0,
    "optimal_f1": 0.42540904258596174,
    "accuracy": 0.6381818181818182,
    "precision": 0.3293591654247392,
    "recall": 0.6005434782608695,
    "f1": 0.42540904716073147,
    "balanced_accuracy": 0.6247647188496235,
    "mcc": 0.21146432181532704
}