{
    "r2": 0.5590670745266133,
    "mse": 0.02574177257503029,
    "rmse": 0.16044242760264596,
    "mae": 0.10117011054678114,
    "best_inner_cv_score": -0.021836915746134528,
    "scoring_metric_used": "neg_mean_squared_error"
}