{
    "roc_auc": 0.778762137435028,
    "pr_ap": 0.7729389886994313,
    "optimal_threshold": 0.9,
    "optimal_f1": 0.6796116457261571,
    "accuracy": 0.8,
    "precision": 0.8706467661691543,
    "recall": 0.5573248407643312,
    "f1": 0.6796116504854369,
    "balanced_accuracy": 0.7532221072706196,
    "mcc": 0.5728178789188353
}