fpr,tpr,thresholds
0.0,0.0,inf
0.0,0.11146496815286625,0.92
0.0009784735812133072,0.4729299363057325,0.91
0.050880626223091974,0.5573248407643312,0.9
0.20645792563600782,0.6687898089171974,0.89
0.4461839530332681,0.7038216560509554,0.88
0.5244618395303327,0.8757961783439491,0.87
0.6448140900195695,0.8949044585987261,0.86
0.8317025440313112,0.9187898089171974,0.85
0.9559686888454012,0.9203821656050956,0.84
0.9941291585127201,0.9203821656050956,0.83
1.0,0.9920382165605095,0.82
1.0,1.0,0.81
