{
    "accuracy": 0.8850574712643678,
    "precision": 0.7622377622377622,
    "recall": 0.9478260869565217,
    "f1": 0.8449612403100775,
    "roc_auc": 0.972364247061019,
    "pr_auc": 0.9741787450247847,
    "balanced_accuracy": 0.9009516700877029,
    "mcc": 0.766662028460141,
    "best_inner_cv_pr_auc": 0.9407856318106677
}