{
    "roc_auc": 0.8146556205328135,
    "pr_ap": 0.7554795372457672,
    "optimal_threshold": 0.84,
    "optimal_f1": 0.6760354980815185,
    "accuracy": 0.7345454545454545,
    "precision": 0.5843989769820972,
    "recall": 0.8017543859649123,
    "f1": 0.6760355029585798,
    "balanced_accuracy": 0.7504142300194931,
    "mcc": 0.47695243083046457
}