{
    "colsample_bytree": 0.6303453312434656,
    "learning_rate": 0.035775944382129846,
    "max_depth": 20,
    "min_child_samples": 25,
    "n_estimators": 194,
    "num_leaves": 30,
    "reg_alpha": 0.13882717264941014,
    "reg_lambda": 0.6408747448032146,
    "subsample": 0.6727520337596579
}