{
    "r2": 0.231309830655129,
    "mse": 0.045704385512426726,
    "rmse": 0.21378584029918055,
    "mae": 0.13445866330153367,
    "best_inner_cv_score": -0.025796309369456056,
    "scoring_metric_used": "neg_mean_squared_error"
}